query_id	query_terms	doc_id	audio_filename	summary_type	audio_summary_filename	rank
1_1dcec3da32a806e23dc1c7fb92808ab1	Children in immigration detention centers australia	1dcec3da32a806e23dc1c7fb92808ab1	20141128-twt03-childdetentionlive	audio_auto	audio_auto/1_1dcec3da32a806e23dc1c7fb92808ab1_20141128-twt03-childdetentionlive	1
1_1dcec3da32a806e23dc1c7fb92808ab1	Children in immigration detention centers australia	f8d8a7f6b45151cb637a11c876044727	20150212-am02-morrison	audio_auto	audio_auto/1_1dcec3da32a806e23dc1c7fb92808ab1_20150212-am02-morrison	2
1_1dcec3da32a806e23dc1c7fb92808ab1	Children in immigration detention centers australia	e0fbd62289cecb6eed2c7b51cde4f777	20150212-pm04-childrendetention	audio_auto	audio_auto/1_1dcec3da32a806e23dc1c7fb92808ab1_20150212-pm04-childrendetention	3
1_1dcec3da32a806e23dc1c7fb92808ab1	Children in immigration detention centers australia	2b0b018508fae2130ddb3ebf675b08db	150320-pm05-mossreview	audio_auto	audio_auto/1_1dcec3da32a806e23dc1c7fb92808ab1_150320-pm05-mossreview	4
1_1dcec3da32a806e23dc1c7fb92808ab1	Children in immigration detention centers australia	62fde5590b79c0e253a43949a0245753	20150224-eam02-childrenindetention	audio_auto	audio_auto/1_1dcec3da32a806e23dc1c7fb92808ab1_20150224-eam02-childrenindetention	5
1_1dcec3da32a806e23dc1c7fb92808ab1	Children in immigration detention centers australia	cc32eb4316f84a73f4da4caa12fe4783	20150325-pm02-nauruinquiry	audio_auto	audio_auto/1_1dcec3da32a806e23dc1c7fb92808ab1_20150325-pm02-nauruinquiry	6
1_1dcec3da32a806e23dc1c7fb92808ab1	Children in immigration detention centers australia	9f008f4164a7857ef788c24d4ec91a36	20150212-eam01-kidsdetention	audio_auto	audio_auto/1_1dcec3da32a806e23dc1c7fb92808ab1_20150212-eam01-kidsdetention	7
1_1dcec3da32a806e23dc1c7fb92808ab1	Children in immigration detention centers australia	70ac5db2126dd9f89ab18e7539a73b22	20141111-twt02-detentionteam	audio_auto	audio_auto/1_1dcec3da32a806e23dc1c7fb92808ab1_20141111-twt02-detentionteam	8
1_1dcec3da32a806e23dc1c7fb92808ab1	Children in immigration detention centers australia	f5868fb358f8e0c1fed9e32374f7bbe4	20141003-twt01-nauruallegations	audio_auto	audio_auto/1_1dcec3da32a806e23dc1c7fb92808ab1_20141003-twt01-nauruallegations	9
1_1dcec3da32a806e23dc1c7fb92808ab1	Children in immigration detention centers australia	49a8c6025a77d0a8accac0e8677219a9	20150212-twt04-nauruchildren	audio_auto	audio_auto/1_1dcec3da32a806e23dc1c7fb92808ab1_20150212-twt04-nauruchildren	10
1_1f3c8f2a57677551eadb2a62706e768a	Inflamatory deseases university of queensland treatment breakthrough	4688d506eea6bfac8b54572c9ec02149	20141029-eam03-koalarescue	audio_auto	audio_auto/1_1f3c8f2a57677551eadb2a62706e768a_20141029-eam03-koalarescue	1
1_1f3c8f2a57677551eadb2a62706e768a	Inflamatory deseases university of queensland treatment breakthrough	1f3c8f2a57677551eadb2a62706e768a	20150217-am09-qldresearch	audio_auto	audio_auto/1_1f3c8f2a57677551eadb2a62706e768a_20150217-am09-qldresearch	2
1_1f3c8f2a57677551eadb2a62706e768a	Inflamatory deseases university of queensland treatment breakthrough	22f78bcb4675120a50ea7edf23bc77f	20141126-am06-soldiersaver	audio_auto	audio_auto/1_1f3c8f2a57677551eadb2a62706e768a_20141126-am06-soldiersaver	3
1_1f3c8f2a57677551eadb2a62706e768a	Inflamatory deseases university of queensland treatment breakthrough	46d7f7c71b7b69231761251f905e7781	20150203-twt09breastcancer	audio_auto	audio_auto/1_1f3c8f2a57677551eadb2a62706e768a_20150203-twt09breastcancer	4
1_1f3c8f2a57677551eadb2a62706e768a	Inflamatory deseases university of queensland treatment breakthrough	64396859ae0580d9218bdc487c9d9085	20141111-twt09-sarcomastudy	audio_auto	audio_auto/1_1f3c8f2a57677551eadb2a62706e768a_20141111-twt09-sarcomastudy	5
1_1f3c8f2a57677551eadb2a62706e768a	Inflamatory deseases university of queensland treatment breakthrough	2b739bcc1aad5094324f6b38f05c0cfb	20150223-rnam06-strokeresearch	audio_auto	audio_auto/1_1f3c8f2a57677551eadb2a62706e768a_20150223-rnam06-strokeresearch	6
1_1f3c8f2a57677551eadb2a62706e768a	Inflamatory deseases university of queensland treatment breakthrough	e6eac228d679e95e8d7cf63f2de8e3db	20150325-pm05-ketaminclinic	audio_auto	audio_auto/1_1f3c8f2a57677551eadb2a62706e768a_20150325-pm05-ketaminclinic	7
1_1f3c8f2a57677551eadb2a62706e768a	Inflamatory deseases university of queensland treatment breakthrough	6827bc72f81ebc4308954f60073e435d	20141104-twt11-antiageing	audio_auto	audio_auto/1_1f3c8f2a57677551eadb2a62706e768a_20141104-twt11-antiageing	8
1_1f3c8f2a57677551eadb2a62706e768a	Inflamatory deseases university of queensland treatment breakthrough	45ec66b6510edacf5fbc1cfeea2bcc2f	20141024-twt04-cancertrials	audio_auto	audio_auto/1_1f3c8f2a57677551eadb2a62706e768a_20141024-twt04-cancertrials	9
1_1f3c8f2a57677551eadb2a62706e768a	Inflamatory deseases university of queensland treatment breakthrough	2265d9a818723967e4f6fe7fe8ece2d7	20150226-twt09-cancergenome	audio_auto	audio_auto/1_1f3c8f2a57677551eadb2a62706e768a_20150226-twt09-cancergenome	10
0_2ba16bc943e4fe8c05c2f1482f17e296	child sex abuse sydney school	f8f8fdb1e47541b15c14e56d01f7a2fd	20141218-twt09-hutchinsbraveheart	audio_auto	audio_auto/0_2ba16bc943e4fe8c05c2f1482f17e296_20141218-twt09-hutchinsbraveheart	11
0_2ba16bc943e4fe8c05c2f1482f17e296	child sex abuse sydney school	76feedc3a84b2c74a104348b2a0e48a3	20130204-twt05-royalcommision	audio_auto	audio_auto/0_2ba16bc943e4fe8c05c2f1482f17e296_20130204-twt05-royalcommision	12
0_2ba16bc943e4fe8c05c2f1482f17e296	child sex abuse sydney school	e44e18ab8ab0c63ae9ecf611bb44e1cd	20141008-twt09-hillsongpastor	audio_auto	audio_auto/0_2ba16bc943e4fe8c05c2f1482f17e296_20141008-twt09-hillsongpastor	13
0_2ba16bc943e4fe8c05c2f1482f17e296	child sex abuse sydney school	2ba16bc943e4fe8c05c2f1482f17e296	20150223-twt04-rcknoxgrammar	audio_auto	audio_auto/0_2ba16bc943e4fe8c05c2f1482f17e296_20150223-twt04-rcknoxgrammar	14
0_2ba16bc943e4fe8c05c2f1482f17e296	child sex abuse sydney school	4a9a129b37c070741c5868aee8245d77	20141210-pm09--tasteacher	audio_auto	audio_auto/0_2ba16bc943e4fe8c05c2f1482f17e296_20141210-pm09--tasteacher	15
0_2ba16bc943e4fe8c05c2f1482f17e296	child sex abuse sydney school	1a586a9991812e2e6d296774f4a27975	20150211-twt08-roycomcross	audio_auto	audio_auto/0_2ba16bc943e4fe8c05c2f1482f17e296_20150211-twt08-roycomcross	16
0_2ba16bc943e4fe8c05c2f1482f17e296	child sex abuse sydney school	5deeff928b2d5cc6ac4ffd3c4ec943cb	20150304-twt10-rcknoxwed	audio_auto	audio_auto/0_2ba16bc943e4fe8c05c2f1482f17e296_20150304-twt10-rcknoxwed	17
0_2ba16bc943e4fe8c05c2f1482f17e296	child sex abuse sydney school	85d79e00f8aa4a2bd41141b6cad6e3ce	20150213-twt04-roycomyeshiva	audio_auto	audio_auto/0_2ba16bc943e4fe8c05c2f1482f17e296_20150213-twt04-roycomyeshiva	18
0_2ba16bc943e4fe8c05c2f1482f17e296	child sex abuse sydney school	8ceb2408be283c8d0ec158b178328fa7	20150213-pm11-roycommfri	audio_auto	audio_auto/0_2ba16bc943e4fe8c05c2f1482f17e296_20150213-pm11-roycommfri	19
0_2ba16bc943e4fe8c05c2f1482f17e296	child sex abuse sydney school	447a76dab5a0dd61b69b88311a95ba59	20150209-pm06-roycommmonday	audio_auto	audio_auto/0_2ba16bc943e4fe8c05c2f1482f17e296_20150209-pm06-roycommmonday	20
1_2f21ea19d64dee2c5e77aa22673f9428	IS extremists Kobane US airstrikes	c6b446565d5e8b6121846784c8d12c51	20141008-twt02-shanahaniv	audio_auto	audio_auto/1_2f21ea19d64dee2c5e77aa22673f9428_20141008-twt02-shanahaniv	1
1_2f21ea19d64dee2c5e77aa22673f9428	IS extremists Kobane US airstrikes	2f21ea19d64dee2c5e77aa22673f9428	20141008-eam03-kobanefight	audio_auto	audio_auto/1_2f21ea19d64dee2c5e77aa22673f9428_20141008-eam03-kobanefight	2
1_2f21ea19d64dee2c5e77aa22673f9428	IS extremists Kobane US airstrikes	b08cac521a04942210722dc71e0aee5c	20141008-pm05-kobaneturkey	audio_auto	audio_auto/1_2f21ea19d64dee2c5e77aa22673f9428_20141008-pm05-kobaneturkey	3
1_2f21ea19d64dee2c5e77aa22673f9428	IS extremists Kobane US airstrikes	53f3dce0fa6dc131687c942d23a12351	20141009-eam02-kobanekerry	audio_auto	audio_auto/1_2f21ea19d64dee2c5e77aa22673f9428_20141009-eam02-kobanekerry	4
1_2f21ea19d64dee2c5e77aa22673f9428	IS extremists Kobane US airstrikes	c53d7b5a21869cf4b008981173b8f4fa	20141010-rnam02-kobane	audio_auto	audio_auto/1_2f21ea19d64dee2c5e77aa22673f9428_20141010-rnam02-kobane	5
1_2f21ea19d64dee2c5e77aa22673f9428	IS extremists Kobane US airstrikes	f5de72dfddfb4087be9eb2a33bfba13e	20150217-rnam04-libyaegypt	audio_auto	audio_auto/1_2f21ea19d64dee2c5e77aa22673f9428_20150217-rnam04-libyaegypt	6
1_2f21ea19d64dee2c5e77aa22673f9428	IS extremists Kobane US airstrikes	ede1964e9b965af1bde0b28c283fe040	20141011-am04-kobaneenvoy	audio_auto	audio_auto/1_2f21ea19d64dee2c5e77aa22673f9428_20141011-am04-kobaneenvoy	7
1_2f21ea19d64dee2c5e77aa22673f9428	IS extremists Kobane US airstrikes	256c40bc747cb2b64225d65e38706b8f	20141021-eam03-turkeyborder	audio_auto	audio_auto/1_2f21ea19d64dee2c5e77aa22673f9428_20141021-eam03-turkeyborder	8
1_2f21ea19d64dee2c5e77aa22673f9428	IS extremists Kobane US airstrikes	e32194d49bb25bba6a11fab1a81b5edc	20141203-twt08-isiupdate	audio_auto	audio_auto/1_2f21ea19d64dee2c5e77aa22673f9428_20141203-twt08-isiupdate	9
1_2f21ea19d64dee2c5e77aa22673f9428	IS extremists Kobane US airstrikes	e7658151a0468cbd28ff97e6f09960f	20141114-twt10-yaxleycross	audio_auto	audio_auto/1_2f21ea19d64dee2c5e77aa22673f9428_20141114-twt10-yaxleycross	10
2_3c90486a6cc8f8b523149fd3d9e88a13	labour plan to build submarines in australia	3c90486a6cc8f8b523149fd3d9e88a13	20150325-pm06-subsreax	audio_auto	audio_auto/2_3c90486a6cc8f8b523149fd3d9e88a13_20150325-pm06-subsreax	1
2_3c90486a6cc8f8b523149fd3d9e88a13	labour plan to build submarines in australia	c001344263e621a337d591d351455dbd	20150325-rnam03-pennywongiv	audio_auto	audio_auto/2_3c90486a6cc8f8b523149fd3d9e88a13_20150325-rnam03-pennywongiv	2
2_3c90486a6cc8f8b523149fd3d9e88a13	labour plan to build submarines in australia	8811802cd2ba2a8432aaa9a9733762b7	20150325-am02-subssummit	audio_auto	audio_auto/2_3c90486a6cc8f8b523149fd3d9e88a13_20150325-am02-subssummit	3
2_3c90486a6cc8f8b523149fd3d9e88a13	labour plan to build submarines in australia	9f7c2a5661428d1e6c8c01bda2769b89	20141024-am08-germansubmarines	audio_auto	audio_auto/2_3c90486a6cc8f8b523149fd3d9e88a13_20141024-am08-germansubmarines	4
2_3c90486a6cc8f8b523149fd3d9e88a13	labour plan to build submarines in australia	9324b046045dd4a81e4167de0dd3db34	20150210-pm03-subsconfusion	audio_auto	audio_auto/2_3c90486a6cc8f8b523149fd3d9e88a13_20150210-pm03-subsconfusion	5
2_3c90486a6cc8f8b523149fd3d9e88a13	labour plan to build submarines in australia	c5e9443126f1fa524250dcfbdbf3f8df	20150325-twt06-subsplan	audio_auto	audio_auto/2_3c90486a6cc8f8b523149fd3d9e88a13_20150325-twt06-subsplan	6
2_3c90486a6cc8f8b523149fd3d9e88a13	labour plan to build submarines in australia	f906ad0c03adb3fc7226ed33861546da	20141015-pm08-subrethink	audio_auto	audio_auto/2_3c90486a6cc8f8b523149fd3d9e88a13_20141015-pm08-subrethink	7
2_3c90486a6cc8f8b523149fd3d9e88a13	labour plan to build submarines in australia	fd16d9f726395c60b729970d7efb6127	20150327-pm10-subspromise	audio_auto	audio_auto/2_3c90486a6cc8f8b523149fd3d9e88a13_20150327-pm10-subspromise	8
2_3c90486a6cc8f8b523149fd3d9e88a13	labour plan to build submarines in australia	7eed5382b7e89edae73db5109b752874	20150217-pm02-emotivesubs	audio_auto	audio_auto/2_3c90486a6cc8f8b523149fd3d9e88a13_20150217-pm02-emotivesubs	9
2_3c90486a6cc8f8b523149fd3d9e88a13	labour plan to build submarines in australia	f581103f503c74f03de92b492d2c52d7	20141209-rnpm02-navalbuilds	audio_auto	audio_auto/2_3c90486a6cc8f8b523149fd3d9e88a13_20141209-rnpm02-navalbuilds	10
0_3e69b4a6bff5831acd32e4df4bc832f8	Renewable Energy Target	3e69b4a6bff5831acd32e4df4bc832f8	20150305-twt07-greghunt	audio_auto	audio_auto/0_3e69b4a6bff5831acd32e4df4bc832f8_20150305-twt07-greghunt	1
0_3e69b4a6bff5831acd32e4df4bc832f8	Renewable Energy Target	e65198fd85e6e8c86a773697720461e6	20141112-eam01-retimpasse	audio_auto	audio_auto/0_3e69b4a6bff5831acd32e4df4bc832f8_20141112-eam01-retimpasse	2
0_3e69b4a6bff5831acd32e4df4bc832f8	Renewable Energy Target	c1e72443002e643549068fcabc793a04	20150325-pm04-retprogress	audio_auto	audio_auto/0_3e69b4a6bff5831acd32e4df4bc832f8_20150325-pm04-retprogress	3
0_3e69b4a6bff5831acd32e4df4bc832f8	Renewable Energy Target	6ff6e3cc44cecde6106529e95b5f060e	20142022-pm01-rettalks	audio_auto	audio_auto/0_3e69b4a6bff5831acd32e4df4bc832f8_20142022-pm01-rettalks	4
0_3e69b4a6bff5831acd32e4df4bc832f8	Renewable Energy Target	8fe1253dd43d8549a730579b7a3193eb	20141212-pm05-hydroret	audio_auto	audio_auto/0_3e69b4a6bff5831acd32e4df4bc832f8_20141212-pm05-hydroret	5
0_3e69b4a6bff5831acd32e4df4bc832f8	Renewable Energy Target	51f25b6fadf0e8ce964a15b694121025	20141112-twt03-retreax	audio_auto	audio_auto/0_3e69b4a6bff5831acd32e4df4bc832f8_20141112-twt03-retreax	6
0_3e69b4a6bff5831acd32e4df4bc832f8	Renewable Energy Target	16d8e5939ccf6a787ef08276a1b82151	20141202-twt09-solarfarm	audio_auto	audio_auto/0_3e69b4a6bff5831acd32e4df4bc832f8_20141202-twt09-solarfarm	7
0_3e69b4a6bff5831acd32e4df4bc832f8	Renewable Energy Target	e6efe2e5f276b43ce346b08ddd68d3e7	20150309-twt11-retreax	audio_auto	audio_auto/0_3e69b4a6bff5831acd32e4df4bc832f8_20150309-twt11-retreax	8
0_3e69b4a6bff5831acd32e4df4bc832f8	Renewable Energy Target	546272d1231fc8b35a65e0613c21f1b3	20150305-pm07-rettalks	audio_auto	audio_auto/0_3e69b4a6bff5831acd32e4df4bc832f8_20150305-pm07-rettalks	9
0_3e69b4a6bff5831acd32e4df4bc832f8	Renewable Energy Target	c400d55564bfce722b689f5ad12aa194	20141112-pm03-palmerpower	audio_auto	audio_auto/0_3e69b4a6bff5831acd32e4df4bc832f8_20141112-pm03-palmerpower	10
1_3e6468dbb1bbf5e22f90212239645c57	Sex abuse New Sounth Wales ashram	e132e3eaddf44c621f2423b2dbf52fa7	20150206-pm09-rcyeshivah	audio_auto	audio_auto/1_3e6468dbb1bbf5e22f90212239645c57_20150206-pm09-rcyeshivah	11
1_3e6468dbb1bbf5e22f90212239645c57	Sex abuse New Sounth Wales ashram	c5f92a6e32e73b8ec9bde7807715b1ef	20150318-pm03-fosterwednesday	audio_auto	audio_auto/1_3e6468dbb1bbf5e22f90212239645c57_20150318-pm03-fosterwednesday	12
1_3e6468dbb1bbf5e22f90212239645c57	Sex abuse New Sounth Wales ashram	3e6468dbb1bbf5e22f90212239645c57	20141203-pm07-yogasisters	audio_auto	audio_auto/1_3e6468dbb1bbf5e22f90212239645c57_20141203-pm07-yogasisters	13
1_3e6468dbb1bbf5e22f90212239645c57	Sex abuse New Sounth Wales ashram	223026c9fa8c1e5ce6d891c9413ccdb6	20141202-twt04-rcyogadayone	audio_auto	audio_auto/1_3e6468dbb1bbf5e22f90212239645c57_20141202-twt04-rcyogadayone	14
1_3e6468dbb1bbf5e22f90212239645c57	Sex abuse New Sounth Wales ashram	7e622823920517beb958f2b23f5c4b59	20141208-twt06-yogaconsent	audio_auto	audio_auto/1_3e6468dbb1bbf5e22f90212239645c57_20141208-twt06-yogaconsent	15
1_3e6468dbb1bbf5e22f90212239645c57	Sex abuse New Sounth Wales ashram	3ec4c17922a9c90150e57ecd7cc86dae	20141022-twt06-royalbethcar	audio_auto	audio_auto/1_3e6468dbb1bbf5e22f90212239645c57_20141022-twt06-royalbethcar	16
1_3e6468dbb1bbf5e22f90212239645c57	Sex abuse New Sounth Wales ashram	8ba11a154ea14b78f78b0e548b37d68b	20141007-rnam03-hillsong	audio_auto	audio_auto/1_3e6468dbb1bbf5e22f90212239645c57_20141007-rnam03-hillsong	17
1_3e6468dbb1bbf5e22f90212239645c57	Sex abuse New Sounth Wales ashram	464b0a54d39b4fae62f93d8a1c5b49ff	20141024-pm01-bethcarsorry	audio_auto	audio_auto/1_3e6468dbb1bbf5e22f90212239645c57_20141024-pm01-bethcarsorry	18
1_3e6468dbb1bbf5e22f90212239645c57	Sex abuse New Sounth Wales ashram	a30452c41dafda54aec19210a6399be9	20141023-pm05-rankhypocrisy	audio_auto	audio_auto/1_3e6468dbb1bbf5e22f90212239645c57_20141023-pm05-rankhypocrisy	19
1_3e6468dbb1bbf5e22f90212239645c57	Sex abuse New Sounth Wales ashram	d7a11bc64c457303acce0b82d34c4c02	20141126-pm03-royalcommision	audio_auto	audio_auto/1_3e6468dbb1bbf5e22f90212239645c57_20141126-pm03-royalcommision	20
2_3ee5e8e7bc0f4c2631167f35a8f7d170	nanomaterials excluded in food standards	89c80d00bde87589aaa41c37f5eac59b	20150220-twt09-chinafood	audio_auto	audio_auto/2_3ee5e8e7bc0f4c2631167f35a8f7d170_20150220-twt09-chinafood	1
2_3ee5e8e7bc0f4c2631167f35a8f7d170	nanomaterials excluded in food standards	1cf2cd84cb896bd76c65cb8b5cdf5c93	20141128-rnam05-chickendisease	audio_auto	audio_auto/2_3ee5e8e7bc0f4c2631167f35a8f7d170_20141128-rnam05-chickendisease	2
2_3ee5e8e7bc0f4c2631167f35a8f7d170	nanomaterials excluded in food standards	3ae5a86d00c31934b710f220a3239e4d	20150302-twt04-supermarketcode	audio_auto	audio_auto/2_3ee5e8e7bc0f4c2631167f35a8f7d170_20150302-twt04-supermarketcode	3
2_3ee5e8e7bc0f4c2631167f35a8f7d170	nanomaterials excluded in food standards	e6999f2887ffaf54a3421248dc015ef3	20150216-twt09-berrysick	audio_auto	audio_auto/2_3ee5e8e7bc0f4c2631167f35a8f7d170_20150216-twt09-berrysick	4
2_3ee5e8e7bc0f4c2631167f35a8f7d170	nanomaterials excluded in food standards	409864b4ac6422f9b238505eedc63e80	20150320-twt07-boardingstandards	audio_auto	audio_auto/2_3ee5e8e7bc0f4c2631167f35a8f7d170_20150320-twt07-boardingstandards	5
2_3ee5e8e7bc0f4c2631167f35a8f7d170	nanomaterials excluded in food standards	c3ec597d9dfd2c3990b139349c1476c0	20150324-twt05-vanuatufood	audio_auto	audio_auto/2_3ee5e8e7bc0f4c2631167f35a8f7d170_20150324-twt05-vanuatufood	6
2_3ee5e8e7bc0f4c2631167f35a8f7d170	nanomaterials excluded in food standards	265f713aadbd29914334c988d735fea5	20141202-pm08-lockedout	audio_auto	audio_auto/2_3ee5e8e7bc0f4c2631167f35a8f7d170_20141202-pm08-lockedout	7
2_3ee5e8e7bc0f4c2631167f35a8f7d170	nanomaterials excluded in food standards	daca0c2aca1c4cba7bcddc2d9fe71cd4	20150227-am06-transfatlabelling	audio_auto	audio_auto/2_3ee5e8e7bc0f4c2631167f35a8f7d170_20150227-am06-transfatlabelling	8
2_3ee5e8e7bc0f4c2631167f35a8f7d170	nanomaterials excluded in food standards	35405756024a27bc9ca613ee99749950	20141016-twt04-hungerreport	audio_auto	audio_auto/2_3ee5e8e7bc0f4c2631167f35a8f7d170_20141016-twt04-hungerreport	9
2_3ee5e8e7bc0f4c2631167f35a8f7d170	nanomaterials excluded in food standards	3ee5e8e7bc0f4c2631167f35a8f7d170	20141125-eam03-nanofoodpackaging	audio_auto	audio_auto/2_3ee5e8e7bc0f4c2631167f35a8f7d170_20141125-eam03-nanofoodpackaging	10
3_4cdd91e175c06e0f6120020e018fe1c9	royal commission Hutchins child abuse	db8f6b102cf957f837e38bb4c3558	20141119-twt03-wedshutchins	audio_auto	audio_auto/3_4cdd91e175c06e0f6120020e018fe1c9_20141119-twt03-wedshutchins	1
3_4cdd91e175c06e0f6120020e018fe1c9	royal commission Hutchins child abuse	42299a1553c3580b77ff66e8ee0ae384	20141125-pm07-tueshutchins	audio_auto	audio_auto/3_4cdd91e175c06e0f6120020e018fe1c9_20141125-pm07-tueshutchins	2
3_4cdd91e175c06e0f6120020e018fe1c9	royal commission Hutchins child abuse	5c1368672a6fb71c7b3b9cb834283e0f	20141124-pm06-mondayhutchins	audio_auto	audio_auto/3_4cdd91e175c06e0f6120020e018fe1c9_20141124-pm06-mondayhutchins	3
3_4cdd91e175c06e0f6120020e018fe1c9	royal commission Hutchins child abuse	f8f8fdb1e47541b15c14e56d01f7a2fd	20141218-twt09-hutchinsbraveheart	audio_auto	audio_auto/3_4cdd91e175c06e0f6120020e018fe1c9_20141218-twt09-hutchinsbraveheart	4
3_4cdd91e175c06e0f6120020e018fe1c9	royal commission Hutchins child abuse	4cdd91e175c06e0f6120020e018fe1c9	20141119-pm07-wedsrc	audio_auto	audio_auto/3_4cdd91e175c06e0f6120020e018fe1c9_20141119-pm07-wedsrc	5
3_4cdd91e175c06e0f6120020e018fe1c9	royal commission Hutchins child abuse	ff5b12051ff7dbfef9bd9dc73fd27b4d	20141121-pm04-frihutchins	audio_auto	audio_auto/3_4cdd91e175c06e0f6120020e018fe1c9_20141121-pm04-frihutchins	6
3_4cdd91e175c06e0f6120020e018fe1c9	royal commission Hutchins child abuse	354fdc5240315ea682eeaf0829aefa60	20150226-twt07-hutchinsabuse	audio_auto	audio_auto/3_4cdd91e175c06e0f6120020e018fe1c9_20150226-twt07-hutchinsabuse	7
3_4cdd91e175c06e0f6120020e018fe1c9	royal commission Hutchins child abuse	cd4272ed1bead713d4b3fa07b1d97a0e	20150223-eam03-rcknoxgrammar	audio_auto	audio_auto/3_4cdd91e175c06e0f6120020e018fe1c9_20150223-eam03-rcknoxgrammar	8
3_4cdd91e175c06e0f6120020e018fe1c9	royal commission Hutchins child abuse	e132e3eaddf44c621f2423b2dbf52fa7	20150206-pm09-rcyeshivah	audio_auto	audio_auto/3_4cdd91e175c06e0f6120020e018fe1c9_20150206-pm09-rcyeshivah	9
3_4cdd91e175c06e0f6120020e018fe1c9	royal commission Hutchins child abuse	b3a8c40443a082b556f0ccb08f57be4c	20150310-pm06-rcfostercourt	audio_auto	audio_auto/3_4cdd91e175c06e0f6120020e018fe1c9_20150310-pm06-rcfostercourt	10
3_4e07f7e70251876a3fe615d04eeae713	pro-democracy protests Hong Kong	62022fba315c2d7bf984d5047e32bf20	20141025-cr03-protestlife	audio_auto	audio_auto/3_4e07f7e70251876a3fe615d04eeae713_20141025-cr03-protestlife	1
3_4e07f7e70251876a3fe615d04eeae713	pro-democracy protests Hong Kong	496b7899c6dd1ad55dc3608da724e145	20141001-twt05-lockehk	audio_auto	audio_auto/3_4e07f7e70251876a3fe615d04eeae713_20141001-twt05-lockehk	2
3_4e07f7e70251876a3fe615d04eeae713	pro-democracy protests Hong Kong	c93686c4b63dffa55359bce84cf43e3f	20141001-twt04-hkprotestors	audio_auto	audio_auto/3_4e07f7e70251876a3fe615d04eeae713_20141001-twt04-hkprotestors	3
3_4e07f7e70251876a3fe615d04eeae713	pro-democracy protests Hong Kong	ea9e492f882e0ed67d2e2249777f6982	20141006-pm08-hongkongmonday	audio_auto	audio_auto/3_4e07f7e70251876a3fe615d04eeae713_20141006-pm08-hongkongmonday	4
3_4e07f7e70251876a3fe615d04eeae713	pro-democracy protests Hong Kong	7a9f9f57d1114596e375fa32bfc99db1	20141006-twt05-HKclarke	audio_auto	audio_auto/3_4e07f7e70251876a3fe615d04eeae713_20141006-twt05-HKclarke	5
3_4e07f7e70251876a3fe615d04eeae713	pro-democracy protests Hong Kong	df6cd188b00bd6aa2c7efc44aa0b80ac	20141013-twt06-hkmonday	audio_auto	audio_auto/3_4e07f7e70251876a3fe615d04eeae713_20141013-twt06-hkmonday	6
3_4e07f7e70251876a3fe615d04eeae713	pro-democracy protests Hong Kong	d20a7657a61f0ad3ddacaecbf2ffcc16	20141005-cr02-hongkong	audio_auto	audio_auto/3_4e07f7e70251876a3fe615d04eeae713_20141005-cr02-hongkong	7
3_4e07f7e70251876a3fe615d04eeae713	pro-democracy protests Hong Kong	1f6f797f9a4d01c89eb310b789581ebd	20141003-pm07-HKACELIVE	audio_auto	audio_auto/3_4e07f7e70251876a3fe615d04eeae713_20141003-pm07-HKACELIVE	8
3_4e07f7e70251876a3fe615d04eeae713	pro-democracy protests Hong Kong	ebca8d12659abac948a8e142353c24b6	20141201-twt06-honkongrepl	audio_auto	audio_auto/3_4e07f7e70251876a3fe615d04eeae713_20141201-twt06-honkongrepl	9
3_4e07f7e70251876a3fe615d04eeae713	pro-democracy protests Hong Kong	4e07f7e70251876a3fe615d04eeae713	20141003-am06-hongkongfriday	audio_auto	audio_auto/3_4e07f7e70251876a3fe615d04eeae713_20141003-am06-hongkongfriday	10
3_5c1368672a6fb71c7b3b9cb834283e0f	royal commission Hutchins child abuse apology Anglican church	db8f6b102cf957f837e38bb4c3558	20141119-twt03-wedshutchins	audio_auto	audio_auto/3_5c1368672a6fb71c7b3b9cb834283e0f_20141119-twt03-wedshutchins	1
3_5c1368672a6fb71c7b3b9cb834283e0f	royal commission Hutchins child abuse apology Anglican church	42299a1553c3580b77ff66e8ee0ae384	20141125-pm07-tueshutchins	audio_auto	audio_auto/3_5c1368672a6fb71c7b3b9cb834283e0f_20141125-pm07-tueshutchins	2
3_5c1368672a6fb71c7b3b9cb834283e0f	royal commission Hutchins child abuse apology Anglican church	5c1368672a6fb71c7b3b9cb834283e0f	20141124-pm06-mondayhutchins	audio_auto	audio_auto/3_5c1368672a6fb71c7b3b9cb834283e0f_20141124-pm06-mondayhutchins	3
3_5c1368672a6fb71c7b3b9cb834283e0f	royal commission Hutchins child abuse apology Anglican church	ff5b12051ff7dbfef9bd9dc73fd27b4d	20141121-pm04-frihutchins	audio_auto	audio_auto/3_5c1368672a6fb71c7b3b9cb834283e0f_20141121-pm04-frihutchins	4
3_5c1368672a6fb71c7b3b9cb834283e0f	royal commission Hutchins child abuse apology Anglican church	8ba11a154ea14b78f78b0e548b37d68b	20141007-rnam03-hillsong	audio_auto	audio_auto/3_5c1368672a6fb71c7b3b9cb834283e0f_20141007-rnam03-hillsong	5
3_5c1368672a6fb71c7b3b9cb834283e0f	royal commission Hutchins child abuse apology Anglican church	ae18611915271beab68a217cc1ca6afb	20141212-am03-priestclibacy	audio_auto	audio_auto/3_5c1368672a6fb71c7b3b9cb834283e0f_20141212-am03-priestclibacy	6
3_5c1368672a6fb71c7b3b9cb834283e0f	royal commission Hutchins child abuse apology Anglican church	f8f8fdb1e47541b15c14e56d01f7a2fd	20141218-twt09-hutchinsbraveheart	audio_auto	audio_auto/3_5c1368672a6fb71c7b3b9cb834283e0f_20141218-twt09-hutchinsbraveheart	7
3_5c1368672a6fb71c7b3b9cb834283e0f	royal commission Hutchins child abuse apology Anglican church	f4040a6e0ae1ce588bbfe21bb79a213b	20150327-pm02-redressfri	audio_auto	audio_auto/3_5c1368672a6fb71c7b3b9cb834283e0f_20150327-pm02-redressfri	8
3_5c1368672a6fb71c7b3b9cb834283e0f	royal commission Hutchins child abuse apology Anglican church	4cdd91e175c06e0f6120020e018fe1c9	20141119-pm07-wedsrc	audio_auto	audio_auto/3_5c1368672a6fb71c7b3b9cb834283e0f_20141119-pm07-wedsrc	9
3_5c1368672a6fb71c7b3b9cb834283e0f	royal commission Hutchins child abuse apology Anglican church	c7e172c4af293fdf3211d27389814810	20141003-pm05-policecathinquiry	audio_auto	audio_auto/3_5c1368672a6fb71c7b3b9cb834283e0f_20141003-pm05-policecathinquiry	10
2_5eec4e901afc3ba022af54baf7f17f26	financial dealing of west australian minister	9b674d3c6d2387cd69c9e2d2f88a94d0	20150211-twt05-radicalisationschools	audio_auto	audio_auto/2_5eec4e901afc3ba022af54baf7f17f26_20150211-twt05-radicalisationschools	131
2_5eec4e901afc3ba022af54baf7f17f26	financial dealing of west australian minister	5eec4e901afc3ba022af54baf7f17f26	20141204-pm07-nalderthursday	audio_auto	audio_auto/2_5eec4e901afc3ba022af54baf7f17f26_20141204-pm07-nalderthursday	132
2_5eec4e901afc3ba022af54baf7f17f26	financial dealing of west australian minister	5a639345a44c32ffa71bbecf85305b93	20150217-am07-budgetfairness	audio_auto	audio_auto/2_5eec4e901afc3ba022af54baf7f17f26_20150217-am07-budgetfairness	133
2_5eec4e901afc3ba022af54baf7f17f26	financial dealing of west australian minister	28912188f75de6e7ee5afe07cb81915b	20150218-pm05-retirementbudget	audio_auto	audio_auto/2_5eec4e901afc3ba022af54baf7f17f26_20150218-pm05-retirementbudget	134
2_5eec4e901afc3ba022af54baf7f17f26	financial dealing of west australian minister	7acd32975b10716d5a60d86f2313494a	20150203-rnam05-manusdutonpato	audio_auto	audio_auto/2_5eec4e901afc3ba022af54baf7f17f26_20150203-rnam05-manusdutonpato	135
2_5eec4e901afc3ba022af54baf7f17f26	financial dealing of west australian minister	ee574969e572723d870fa773dc11dad3	20141219-twt08-unioncommissionrpl	audio_auto	audio_auto/2_5eec4e901afc3ba022af54baf7f17f26_20141219-twt08-unioncommissionrpl	136
2_5eec4e901afc3ba022af54baf7f17f26	financial dealing of west australian minister	6f1a89655836b782cf7624cbc6024ebd	20141023-twt04-canadaaustralia	audio_auto	audio_auto/2_5eec4e901afc3ba022af54baf7f17f26_20141023-twt04-canadaaustralia	137
2_5eec4e901afc3ba022af54baf7f17f26	financial dealing of west australian minister	1f7f1615e2ac7e41876e9d4a9a7ae6be	20150323-twt06-frasercondonces	audio_auto	audio_auto/2_5eec4e901afc3ba022af54baf7f17f26_20150323-twt06-frasercondonces	138
2_5eec4e901afc3ba022af54baf7f17f26	financial dealing of west australian minister	6d0f60c8a5815e0a714931bc4cae84ce	20141219-pm04-commissionfollow	audio_auto	audio_auto/2_5eec4e901afc3ba022af54baf7f17f26_20141219-pm04-commissionfollow	139
2_5eec4e901afc3ba022af54baf7f17f26	financial dealing of west australian minister	41a7f36f0bd8ca6a4867f2e7d7c24f57	20150311-pm01-remotecommunities	audio_auto	audio_auto/2_5eec4e901afc3ba022af54baf7f17f26_20150311-pm01-remotecommunities	140
3_7f3e8b1c70b3d4b2b322b25bf8bf66d7	Israel Palastine tension worship at Al Asqa Jordan diplomat	7f3e8b1c70b3d4b2b322b25bf8bf66d7	20141106-am02-carattackjerusalemcross	audio_auto	audio_auto/3_7f3e8b1c70b3d4b2b322b25bf8bf66d7_20141106-am02-carattackjerusalemcross	1
3_7f3e8b1c70b3d4b2b322b25bf8bf66d7	Israel Palastine tension worship at Al Asqa Jordan diplomat	c0ad03d454aa529807ff9b86ae97bc92	20131031-twt07-templedome	audio_auto	audio_auto/3_7f3e8b1c70b3d4b2b322b25bf8bf66d7_20131031-twt07-templedome	2
3_7f3e8b1c70b3d4b2b322b25bf8bf66d7	Israel Palastine tension worship at Al Asqa Jordan diplomat	4f5f514de66d18e10fb94ca1c00e526d	20150204-rnam04-pilotkilled	audio_auto	audio_auto/3_7f3e8b1c70b3d4b2b322b25bf8bf66d7_20150204-rnam04-pilotkilled	3
3_7f3e8b1c70b3d4b2b322b25bf8bf66d7	Israel Palastine tension worship at Al Asqa Jordan diplomat	df5f68282cccec0272592985f37fc0ee	20141028-eam03-settlement	audio_auto	audio_auto/3_7f3e8b1c70b3d4b2b322b25bf8bf66d7_20141028-eam03-settlement	4
3_7f3e8b1c70b3d4b2b322b25bf8bf66d7	Israel Palastine tension worship at Al Asqa Jordan diplomat	9f64aae1223cc218518af93547fd6512	20150303-eam03-bibispeaks	audio_auto	audio_auto/3_7f3e8b1c70b3d4b2b322b25bf8bf66d7_20150303-eam03-bibispeaks	5
3_7f3e8b1c70b3d4b2b322b25bf8bf66d7	Israel Palastine tension worship at Al Asqa Jordan diplomat	9a7f7a61e37ac3932011c9a6fd5b36f	20141030-pm09-mideastrensions	audio_auto	audio_auto/3_7f3e8b1c70b3d4b2b322b25bf8bf66d7_20141030-pm09-mideastrensions	6
3_7f3e8b1c70b3d4b2b322b25bf8bf66d7	Israel Palastine tension worship at Al Asqa Jordan diplomat	24c24f663e5e29bc4861395bc49e303e	20130204-twt04-jordanpilot	audio_auto	audio_auto/3_7f3e8b1c70b3d4b2b322b25bf8bf66d7_20130204-twt04-jordanpilot	7
3_7f3e8b1c70b3d4b2b322b25bf8bf66d7	Israel Palastine tension worship at Al Asqa Jordan diplomat	c375e96411dbbb3f5d2d216cc2995a1b	20150303-twt09-iranjatras	audio_auto	audio_auto/3_7f3e8b1c70b3d4b2b322b25bf8bf66d7_20150303-twt09-iranjatras	8
3_7f3e8b1c70b3d4b2b322b25bf8bf66d7	Israel Palastine tension worship at Al Asqa Jordan diplomat	9b3290bcded5c698a36443263fc36315	20141116-cr04-skplasticsurgery	audio_auto	audio_auto/3_7f3e8b1c70b3d4b2b322b25bf8bf66d7_20141116-cr04-skplasticsurgery	9
3_7f3e8b1c70b3d4b2b322b25bf8bf66d7	Israel Palastine tension worship at Al Asqa Jordan diplomat	e7a6840bd6e9e54811331e097a55e9d0	20141218-twt05-yanquishavana	audio_auto	audio_auto/3_7f3e8b1c70b3d4b2b322b25bf8bf66d7_20141218-twt05-yanquishavana	10
2_8acc3baddf24bd35dc84e85d05eb82ab	northern territory chief minister dumped	bcfe273a22c427db956c38bede3e8aa0	20141002-twt06-nucleardump	audio_auto	audio_auto/2_8acc3baddf24bd35dc84e85d05eb82ab_20141002-twt06-nucleardump	1
2_8acc3baddf24bd35dc84e85d05eb82ab	northern territory chief minister dumped	b5008e255076228e947fd0784d3a2262	20150204-pmrn03-ntfallout	audio_auto	audio_auto/2_8acc3baddf24bd35dc84e85d05eb82ab_20150204-pmrn03-ntfallout	2
2_8acc3baddf24bd35dc84e85d05eb82ab	northern territory chief minister dumped	8acc3baddf24bd35dc84e85d05eb82ab	20150203-eam03-ntspill	audio_auto	audio_auto/2_8acc3baddf24bd35dc84e85d05eb82ab_20150203-eam03-ntspill	3
2_8acc3baddf24bd35dc84e85d05eb82ab	northern territory chief minister dumped	664d65eae252107e1d89304c2fbb32e4	20150206-twt04-gilesplot	audio_auto	audio_auto/2_8acc3baddf24bd35dc84e85d05eb82ab_20150206-twt04-gilesplot	4
2_8acc3baddf24bd35dc84e85d05eb82ab	northern territory chief minister dumped	a64bfa59a38f5ed17ec4b37075cdefe1	20150204-rnam03-gilesreturns	audio_auto	audio_auto/2_8acc3baddf24bd35dc84e85d05eb82ab_20150204-rnam03-gilesreturns	5
2_8acc3baddf24bd35dc84e85d05eb82ab	northern territory chief minister dumped	a244610d254ea86119185edeffa75c59	20150218-am08-millssacked	audio_auto	audio_auto/2_8acc3baddf24bd35dc84e85d05eb82ab_20150218-am08-millssacked	6
2_8acc3baddf24bd35dc84e85d05eb82ab	northern territory chief minister dumped	91951ccf7e5cd0503d68468b03b6581b	20150203-pm01-ntcrisis	audio_auto	audio_auto/2_8acc3baddf24bd35dc84e85d05eb82ab_20150203-pm01-ntcrisis	7
2_8acc3baddf24bd35dc84e85d05eb82ab	northern territory chief minister dumped	86198e43e6e99de931fa4e210516a2c6	20150216-am01-morrisoniv	audio_auto	audio_auto/2_8acc3baddf24bd35dc84e85d05eb82ab_20150216-am01-morrisoniv	8
2_8acc3baddf24bd35dc84e85d05eb82ab	northern territory chief minister dumped	53d36dc48e534b433f314d317bf09308	20150203-twt02-ntleaderRPL	audio_auto	audio_auto/2_8acc3baddf24bd35dc84e85d05eb82ab_20150203-twt02-ntleaderRPL	9
2_8acc3baddf24bd35dc84e85d05eb82ab	northern territory chief minister dumped	ac1c2c1616b2687a6440a78fb2b0a59c	20150210-pm04-govholiday	audio_auto	audio_auto/2_8acc3baddf24bd35dc84e85d05eb82ab_20150210-pm04-govholiday	10
0_9fdefc69c873cc40ae669162500ce907	malcolm fraser died	184cc22b404b3ea634a0dfc21920c5c2	150320-pm01-fraserleadall	audio_auto	audio_auto/0_9fdefc69c873cc40ae669162500ce907_150320-pm01-fraserleadall	1
0_9fdefc69c873cc40ae669162500ce907	malcolm fraser died	b77638260e10985fa418e05b802a1230	20150320-twt02-menadueiv	audio_auto	audio_auto/0_9fdefc69c873cc40ae669162500ce907_20150320-twt02-menadueiv	2
0_9fdefc69c873cc40ae669162500ce907	malcolm fraser died	9fdefc69c873cc40ae669162500ce907	20150320-twt01-fraserleadall	audio_auto	audio_auto/0_9fdefc69c873cc40ae669162500ce907_20150320-twt01-fraserleadall	3
0_9fdefc69c873cc40ae669162500ce907	malcolm fraser died	1f7f1615e2ac7e41876e9d4a9a7ae6be	20150323-twt06-frasercondonces	audio_auto	audio_auto/0_9fdefc69c873cc40ae669162500ce907_20150323-twt06-frasercondonces	4
0_9fdefc69c873cc40ae669162500ce907	malcolm fraser died	57a4ef2802493ed01109acaef2cba73b	20150320-twt04-barnettiv	audio_auto	audio_auto/0_9fdefc69c873cc40ae669162500ce907_20150320-twt04-barnettiv	5
0_9fdefc69c873cc40ae669162500ce907	malcolm fraser died	ffc2684b098ffcf62e7cda890ae31164	20150327-pm07-fraserservice	audio_auto	audio_auto/0_9fdefc69c873cc40ae669162500ce907_20150327-pm07-fraserservice	6
0_9fdefc69c873cc40ae669162500ce907	malcolm fraser died	bec45d66a8e5b306a128e86943ba3cb	20150320-twt05-polliereax	audio_auto	audio_auto/0_9fdefc69c873cc40ae669162500ce907_20150320-twt05-polliereax	7
0_9fdefc69c873cc40ae669162500ce907	malcolm fraser died	c690426621d2d1bef45d9125ea5fa824	20150320-twt03-fraserimmigration	audio_auto	audio_auto/0_9fdefc69c873cc40ae669162500ce907_20150320-twt03-fraserimmigration	8
0_9fdefc69c873cc40ae669162500ce907	malcolm fraser died	eaeccfd4c68ceab1c03fb8192cb2dd3f	20150323-pm04-frasermotion	audio_auto	audio_auto/0_9fdefc69c873cc40ae669162500ce907_20150323-pm04-frasermotion	9
0_9fdefc69c873cc40ae669162500ce907	malcolm fraser died	c337cb4c9fe6b4c4e90a0b7fa404a19c	150320-pm03-fraserlegacy	audio_auto	audio_auto/0_9fdefc69c873cc40ae669162500ce907_150320-pm03-fraserlegacy	10
0_10ae5555a29c8e9f0b34a2926f6f8787	volcano new zealand	10ae5555a29c8e9f0b34a2926f6f8787	20150313-twt12-volcanopumice	audio_auto	audio_auto/0_10ae5555a29c8e9f0b34a2926f6f8787_20150313-twt12-volcanopumice	1
0_10ae5555a29c8e9f0b34a2926f6f8787	volcano new zealand	7fff87e12c944283c83dd90cb1fbc01c	20150318-am07-myanmarbuddha	audio_auto	audio_auto/0_10ae5555a29c8e9f0b34a2926f6f8787_20150318-am07-myanmarbuddha	2
0_10ae5555a29c8e9f0b34a2926f6f8787	volcano new zealand	549e864ba9e5f3c7b8188c19c3703e9f	20141202-pm06-oliverhartwich	audio_auto	audio_auto/0_10ae5555a29c8e9f0b34a2926f6f8787_20141202-pm06-oliverhartwich	3
0_10ae5555a29c8e9f0b34a2926f6f8787	volcano new zealand	2e7d197df3829d9ecde45d9dd22fe469	20141028-pm07-EBOLATESTER	audio_auto	audio_auto/0_10ae5555a29c8e9f0b34a2926f6f8787_20141028-pm07-EBOLATESTER	4
0_10ae5555a29c8e9f0b34a2926f6f8787	volcano new zealand	ca8e62acf256ad7e6623a746aa556027	20141105-twt06-keyisis	audio_auto	audio_auto/0_10ae5555a29c8e9f0b34a2926f6f8787_20141105-twt06-keyisis	5
0_10ae5555a29c8e9f0b34a2926f6f8787	volcano new zealand	771bcf79358184be1280eeb93a064798	20150227-eam02-abbottauckland	audio_auto	audio_auto/0_10ae5555a29c8e9f0b34a2926f6f8787_20150227-eam02-abbottauckland	6
0_10ae5555a29c8e9f0b34a2926f6f8787	volcano new zealand	bebc4b6c9aab1396fe4baee79cd36583	20150228-rnsam01-leadershipmono	audio_auto	audio_auto/0_10ae5555a29c8e9f0b34a2926f6f8787_20150228-rnsam01-leadershipmono	7
0_10ae5555a29c8e9f0b34a2926f6f8787	volcano new zealand	9f391eab901fb46af36fd502f933b5f2	20150311-twt05-fonterra	audio_auto	audio_auto/0_10ae5555a29c8e9f0b34a2926f6f8787_20150311-twt05-fonterra	8
0_10ae5555a29c8e9f0b34a2926f6f8787	volcano new zealand	2d819fe0b23a4580426ca2a2d0255d7a	20141113-am06-copaymentpsych	audio_auto	audio_auto/0_10ae5555a29c8e9f0b34a2926f6f8787_20141113-am06-copaymentpsych	9
0_10ae5555a29c8e9f0b34a2926f6f8787	volcano new zealand	6c5dc57461dcb2dd28295da731f8a6d6	20141130-cr01-newzealand	audio_auto	audio_auto/0_10ae5555a29c8e9f0b34a2926f6f8787_20141130-cr01-newzealand	10
1_14ff8468fd07e6cc54f7a403d2035123	Royal commission Mangrove Mountain Yoga Ashram	e4030b211a82918af2211606bdaa12	20141204-pm03-ritualabuse	audio_auto	audio_auto/1_14ff8468fd07e6cc54f7a403d2035123_20141204-pm03-ritualabuse	1
1_14ff8468fd07e6cc54f7a403d2035123	Royal commission Mangrove Mountain Yoga Ashram	d742ed174b8108b6164cf413bbe4a170	20141210-twt05-ashrampeople	audio_auto	audio_auto/1_14ff8468fd07e6cc54f7a403d2035123_20141210-twt05-ashrampeople	2
1_14ff8468fd07e6cc54f7a403d2035123	Royal commission Mangrove Mountain Yoga Ashram	fbfe7438189f78d950d2110e4ced2f3a	20141205-twt05-yogasishy	audio_auto	audio_auto/1_14ff8468fd07e6cc54f7a403d2035123_20141205-twt05-yogasishy	3
1_14ff8468fd07e6cc54f7a403d2035123	Royal commission Mangrove Mountain Yoga Ashram	65d208c72a8e619d31bc0746f5c5ef4f	20141210-pm02-sorryashrammoney	audio_auto	audio_auto/1_14ff8468fd07e6cc54f7a403d2035123_20141210-pm02-sorryashrammoney	4
1_14ff8468fd07e6cc54f7a403d2035123	Royal commission Mangrove Mountain Yoga Ashram	fbc6c225e60038f17d75c541ac6a93c9	20141209-pm03-venalvictimsrpl	audio_auto	audio_auto/1_14ff8468fd07e6cc54f7a403d2035123_20141209-pm03-venalvictimsrpl	5
1_14ff8468fd07e6cc54f7a403d2035123	Royal commission Mangrove Mountain Yoga Ashram	7a15d0a89437c52e3950b399d151df09	20141202-pm05-yogaabuse	audio_auto	audio_auto/1_14ff8468fd07e6cc54f7a403d2035123_20141202-pm05-yogaabuse	6
1_14ff8468fd07e6cc54f7a403d2035123	Royal commission Mangrove Mountain Yoga Ashram	14ff8468fd07e6cc54f7a403d2035123	20141202-eam03-rcyogacult	audio_auto	audio_auto/1_14ff8468fd07e6cc54f7a403d2035123_20141202-eam03-rcyogacult	7
1_14ff8468fd07e6cc54f7a403d2035123	Royal commission Mangrove Mountain Yoga Ashram	89d2edc9a3d823b2834b5b767c4bba0b	20141208-pm07-ashramstories	audio_auto	audio_auto/1_14ff8468fd07e6cc54f7a403d2035123_20141208-pm07-ashramstories	8
1_14ff8468fd07e6cc54f7a403d2035123	Royal commission Mangrove Mountain Yoga Ashram	6b2f382339c0cb73e8a7647a70af6b3c	20141205-pm09-yogasorry	audio_auto	audio_auto/1_14ff8468fd07e6cc54f7a403d2035123_20141205-pm09-yogasorry	9
1_14ff8468fd07e6cc54f7a403d2035123	Royal commission Mangrove Mountain Yoga Ashram	d7ea622bad2f97c23e9253495d09532d	20141209-twt06-ashrammorphine	audio_auto	audio_auto/1_14ff8468fd07e6cc54f7a403d2035123_20141209-twt06-ashrammorphine	10
1_16a4810341caf97c4dd9d5a89d89479a	News Corp Nova Peris leaked email	ac55e44691f1ee35e27e9c42d9685b06	20141029-am02-novascandalrpl	audio_auto	audio_auto/1_16a4810341caf97c4dd9d5a89d89479a_20141029-am02-novascandalrpl	1
1_16a4810341caf97c4dd9d5a89d89479a	News Corp Nova Peris leaked email	fefdb3568dbfd6643be4aae788808ffa	20141030-pm03-novaspeaks	audio_auto	audio_auto/1_16a4810341caf97c4dd9d5a89d89479a_20141030-pm03-novaspeaks	2
1_16a4810341caf97c4dd9d5a89d89479a	News Corp Nova Peris leaked email	16a4810341caf97c4dd9d5a89d89479a	20131031-twt04-novapublish	audio_auto	audio_auto/1_16a4810341caf97c4dd9d5a89d89479a_20131031-twt04-novapublish	3
1_16a4810341caf97c4dd9d5a89d89479a	News Corp Nova Peris leaked email	bc9fe5b1953c6c88423c7ba3b23e2b79	20141029-twt05-novafollow	audio_auto	audio_auto/1_16a4810341caf97c4dd9d5a89d89479a_20141029-twt05-novafollow	4
1_16a4810341caf97c4dd9d5a89d89479a	News Corp Nova Peris leaked email	87280d6c8001a33737b2c8d3493178da	20141114-twt08-murdochwilliams	audio_auto	audio_auto/1_16a4810341caf97c4dd9d5a89d89479a_20141114-twt08-murdochwilliams	5
1_16a4810341caf97c4dd9d5a89d89479a	News Corp Nova Peris leaked email	e85d332dd00fa50401874297ee7651f0	20141030-pm04-leakingships	audio_auto	audio_auto/1_16a4810341caf97c4dd9d5a89d89479a_20141030-pm04-leakingships	6
1_16a4810341caf97c4dd9d5a89d89479a	News Corp Nova Peris leaked email	49d79a8002538fa2e87a2ed710aab7a3	20150312-twt06-morelifestylchoice	audio_auto	audio_auto/1_16a4810341caf97c4dd9d5a89d89479a_20150312-twt06-morelifestylchoice	7
1_16a4810341caf97c4dd9d5a89d89479a	News Corp Nova Peris leaked email	d55532cf053240849934d4f2497fd6a6	20150206-twt12-twitterbullies	audio_auto	audio_auto/1_16a4810341caf97c4dd9d5a89d89479a_20150206-twt12-twitterbullies	8
1_16a4810341caf97c4dd9d5a89d89479a	News Corp Nova Peris leaked email	9318f6395966649eeb1c630c92baef0c	20150311-am06-hilaryspeaksrpl	audio_auto	audio_auto/1_16a4810341caf97c4dd9d5a89d89479a_20150311-am06-hilaryspeaksrpl	9
1_16a4810341caf97c4dd9d5a89d89479a	News Corp Nova Peris leaked email	6d413c552ece0e80b5cfb417f7da948	20141106-pm06-paperprofits	audio_auto	audio_auto/1_16a4810341caf97c4dd9d5a89d89479a_20141106-pm06-paperprofits	10
0_21fd85b5c79f7ee0a7e6880b5d05659d	ebola australia	f1b3ad0f151ab693f2124926825c5626	20141104-pm09-dvjail	audio_auto	audio_auto/0_21fd85b5c79f7ee0a7e6880b5d05659d_20141104-pm09-dvjail	91
0_21fd85b5c79f7ee0a7e6880b5d05659d	ebola australia	229bafd2aec17bb7b98b0942a489c077	20150320-twt08-indigemployment	audio_auto	audio_auto/0_21fd85b5c79f7ee0a7e6880b5d05659d_20150320-twt08-indigemployment	92
0_21fd85b5c79f7ee0a7e6880b5d05659d	ebola australia	4e1ef844eeb3304079c6f6d2b06b75fd	20141013-pm12-dairywars	audio_auto	audio_auto/0_21fd85b5c79f7ee0a7e6880b5d05659d_20141013-pm12-dairywars	93
0_21fd85b5c79f7ee0a7e6880b5d05659d	ebola australia	bb1a06ca4bf3804f22be68f9f0b3cbff	20141125-pm06-specialolympics	audio_auto	audio_auto/0_21fd85b5c79f7ee0a7e6880b5d05659d_20141125-pm06-specialolympics	94
0_21fd85b5c79f7ee0a7e6880b5d05659d	ebola australia	21fd85b5c79f7ee0a7e6880b5d05659d	20141017-rnam0102-ebolaleadalldutton	audio_auto	audio_auto/0_21fd85b5c79f7ee0a7e6880b5d05659d_20141017-rnam0102-ebolaleadalldutton	95
0_21fd85b5c79f7ee0a7e6880b5d05659d	ebola australia	3fdd6155449ace715747c0605c49bcc8	20141107-pm5-indigsuicide	audio_auto	audio_auto/0_21fd85b5c79f7ee0a7e6880b5d05659d_20141107-pm5-indigsuicide	96
0_21fd85b5c79f7ee0a7e6880b5d05659d	ebola australia	7364ff0dd247c4ae244ead47b11f1e40	20141016-pm09-chinamedia	audio_auto	audio_auto/0_21fd85b5c79f7ee0a7e6880b5d05659d_20141016-pm09-chinamedia	97
0_21fd85b5c79f7ee0a7e6880b5d05659d	ebola australia	dde4dc0b1755dd7287ffa76b6f25addb	20141107-am04-innes	audio_auto	audio_auto/0_21fd85b5c79f7ee0a7e6880b5d05659d_20141107-am04-innes	98
0_21fd85b5c79f7ee0a7e6880b5d05659d	ebola australia	954d9c6c7a473fb7c81f4ff5a8799a3	20141219-pm10-aussiebarramundi	audio_auto	audio_auto/0_21fd85b5c79f7ee0a7e6880b5d05659d_20141219-pm10-aussiebarramundi	99
0_21fd85b5c79f7ee0a7e6880b5d05659d	ebola australia	541b2eece4c0c661350db373e9288c37	20142022-pm04-asicparadise	audio_auto	audio_auto/0_21fd85b5c79f7ee0a7e6880b5d05659d_20142022-pm04-asicparadise	100
0_25a915104acccd25bcd43d5b156c9352	asylum seekers Immigration	25a915104acccd25bcd43d5b156c9352	20141219-twt07-newbornsnauru	audio_auto	audio_auto/0_25a915104acccd25bcd43d5b156c9352_20141219-twt07-newbornsnauru	1
0_25a915104acccd25bcd43d5b156c9352	asylum seekers Immigration	7acd32975b10716d5a60d86f2313494a	20150203-rnam05-manusdutonpato	audio_auto	audio_auto/0_25a915104acccd25bcd43d5b156c9352_20150203-rnam05-manusdutonpato	2
0_25a915104acccd25bcd43d5b156c9352	asylum seekers Immigration	9b865b0023584261043c2d827260c05e	20141121-twt04-stevechaoiv	audio_auto	audio_auto/0_25a915104acccd25bcd43d5b156c9352_20141121-twt04-stevechaoiv	3
0_25a915104acccd25bcd43d5b156c9352	asylum seekers Immigration	6861c27e950518d55a0c13734ccdcfdc	20141111-twt01-genevatorture	audio_auto	audio_auto/0_25a915104acccd25bcd43d5b156c9352_20141111-twt01-genevatorture	4
0_25a915104acccd25bcd43d5b156c9352	asylum seekers Immigration	9f008f4164a7857ef788c24d4ec91a36	20150212-eam01-kidsdetention	audio_auto	audio_auto/0_25a915104acccd25bcd43d5b156c9352_20150212-eam01-kidsdetention	5
0_25a915104acccd25bcd43d5b156c9352	asylum seekers Immigration	296faa05ba20b0b4f72d695c53550bf3	20141112-pm07-lgpngpato	audio_auto	audio_auto/0_25a915104acccd25bcd43d5b156c9352_20141112-pm07-lgpngpato	6
0_25a915104acccd25bcd43d5b156c9352	asylum seekers Immigration	2b0b018508fae2130ddb3ebf675b08db	150320-pm05-mossreview	audio_auto	audio_auto/0_25a915104acccd25bcd43d5b156c9352_150320-pm05-mossreview	7
0_25a915104acccd25bcd43d5b156c9352	asylum seekers Immigration	8f32592b97ed06ff8664d88d5dc2ffe0	20141120-am03-asylumburden	audio_auto	audio_auto/0_25a915104acccd25bcd43d5b156c9352_20141120-am03-asylumburden	8
0_25a915104acccd25bcd43d5b156c9352	asylum seekers Immigration	73590badac4d5527eb71af818813993f	20141203-pm04-migrationdebate	audio_auto	audio_auto/0_25a915104acccd25bcd43d5b156c9352_20141203-pm04-migrationdebate	9
0_25a915104acccd25bcd43d5b156c9352	asylum seekers Immigration	f7b65dfd59f725378ec6d0f1a78f4407	20141120-twt05-GREGFEALY	audio_auto	audio_auto/0_25a915104acccd25bcd43d5b156c9352_20141120-twt05-GREGFEALY	10
2_35ef5d8328471088f076ac0b58fc3981	interest rate cuts	d5d3d10121ec57d5e6236af25d802f1a	20141204-pm06-ianverrender	audio_auto	audio_auto/2_35ef5d8328471088f076ac0b58fc3981_20141204-pm06-ianverrender	21
2_35ef5d8328471088f076ac0b58fc3981	interest rate cuts	d2abef326f996b04895ee7b3a0ef98fa	20150326-eam03-penaltyratesLONG	audio_auto	audio_auto/2_35ef5d8328471088f076ac0b58fc3981_20150326-eam03-penaltyratesLONG	22
2_35ef5d8328471088f076ac0b58fc3981	interest rate cuts	9b9d1c3c7e87d9b76d181df912d31eb4	20141231-rnam05-srilanka	audio_auto	audio_auto/2_35ef5d8328471088f076ac0b58fc3981_20141231-rnam05-srilanka	23
2_35ef5d8328471088f076ac0b58fc3981	interest rate cuts	91437aebe2e03a970adb0cdda1930cb3	20141125-am06-indigenoussight	audio_auto	audio_auto/2_35ef5d8328471088f076ac0b58fc3981_20141125-am06-indigenoussight	24
2_35ef5d8328471088f076ac0b58fc3981	interest rate cuts	732eb5671d2fe541dfb1fe2f163db95a	20150303-am07-matesinconstruction	audio_auto	audio_auto/2_35ef5d8328471088f076ac0b58fc3981_20150303-am07-matesinconstruction	25
2_35ef5d8328471088f076ac0b58fc3981	interest rate cuts	1bf1f468b3bca79cddc677f9d1b6c1fa	20141006-twt02-rbarates	audio_auto	audio_auto/2_35ef5d8328471088f076ac0b58fc3981_20141006-twt02-rbarates	26
2_35ef5d8328471088f076ac0b58fc3981	interest rate cuts	4dc6772c3bdc103d35d8b583cd317eac	20141119-rnam04-indigenousreport	audio_auto	audio_auto/2_35ef5d8328471088f076ac0b58fc3981_20141119-rnam04-indigenousreport	27
2_35ef5d8328471088f076ac0b58fc3981	interest rate cuts	4c91da5b1f899792460bcc6b290c1f07	20141211-pm03-joblessrate	audio_auto	audio_auto/2_35ef5d8328471088f076ac0b58fc3981_20141211-pm03-joblessrate	28
2_35ef5d8328471088f076ac0b58fc3981	interest rate cuts	c4c55210d7b3daf423adbbe4fc38b71e	20141119-am06-glenstevens	audio_auto	audio_auto/2_35ef5d8328471088f076ac0b58fc3981_20141119-am06-glenstevens	29
2_35ef5d8328471088f076ac0b58fc3981	interest rate cuts	35ef5d8328471088f076ac0b58fc3981	20150401-twt04-ryanrates	audio_auto	audio_auto/2_35ef5d8328471088f076ac0b58fc3981_20150401-twt04-ryanrates	30
1_44c470d65e4a90be63e4f0ceccf44baf	Tony Abbott offending indigenous people	44c470d65e4a90be63e4f0ceccf44baf	20150312-am02-indigenousfallout	audio_auto	audio_auto/1_44c470d65e4a90be63e4f0ceccf44baf_20150312-am02-indigenousfallout	1
1_44c470d65e4a90be63e4f0ceccf44baf	Tony Abbott offending indigenous people	95deb3949403f6736aa87bd5a13eab5f	20150211-am-03abbottindiggapreaxRPL	audio_auto	audio_auto/1_44c470d65e4a90be63e4f0ceccf44baf_20150211-am-03abbottindiggapreaxRPL	2
1_44c470d65e4a90be63e4f0ceccf44baf	Tony Abbott offending indigenous people	49d5bca6fbded1716124996186157d71	20150209-twt12-kooricourt	audio_auto	audio_auto/1_44c470d65e4a90be63e4f0ceccf44baf_20150209-twt12-kooricourt	3
1_44c470d65e4a90be63e4f0ceccf44baf	Tony Abbott offending indigenous people	c8ff46b9f56aa0306772f34959f1b15	20150209-am05-congressabbott	audio_auto	audio_auto/1_44c470d65e4a90be63e4f0ceccf44baf_20150209-am05-congressabbott	4
1_44c470d65e4a90be63e4f0ceccf44baf	Tony Abbott offending indigenous people	49d79a8002538fa2e87a2ed710aab7a3	20150312-twt06-morelifestylchoice	audio_auto	audio_auto/1_44c470d65e4a90be63e4f0ceccf44baf_20150312-twt06-morelifestylchoice	5
1_44c470d65e4a90be63e4f0ceccf44baf	Tony Abbott offending indigenous people	a88adaf3f77960f638ae9ebc52596980	20150311-am01-RPLabbottlifestylesabbottresponserpl	audio_auto	audio_auto/1_44c470d65e4a90be63e4f0ceccf44baf_20150311-am01-RPLabbottlifestylesabbottresponserpl	6
1_44c470d65e4a90be63e4f0ceccf44baf	Tony Abbott offending indigenous people	7b57a11a0bd32d53c09b9204aeb5fd0f	20150211-twt03-closethegap	audio_auto	audio_auto/1_44c470d65e4a90be63e4f0ceccf44baf_20150211-twt03-closethegap	7
1_44c470d65e4a90be63e4f0ceccf44baf	Tony Abbott offending indigenous people	dd656520821af0d1f97fc9ca7bcb0383	20141114-pm07-terranullius	audio_auto	audio_auto/1_44c470d65e4a90be63e4f0ceccf44baf_20141114-pm07-terranullius	8
1_44c470d65e4a90be63e4f0ceccf44baf	Tony Abbott offending indigenous people	b7bb6c2af90ae4fafd373131cf4fb5a5	20150311-twt01-pearsoniv	audio_auto	audio_auto/1_44c470d65e4a90be63e4f0ceccf44baf_20150311-twt01-pearsoniv	9
1_44c470d65e4a90be63e4f0ceccf44baf	Tony Abbott offending indigenous people	116fd71b62c1fe1d9e3cf76d2cd2a47	20150226-twt10-indigenouscancer	audio_auto	audio_auto/1_44c470d65e4a90be63e4f0ceccf44baf_20150226-twt10-indigenouscancer	10
0_57b29d35db9dd8080866d86ea449503c	air attack to islamic state	57b29d35db9dd8080866d86ea449503c	20141008-pm02-iraqdefence	audio_auto	audio_auto/0_57b29d35db9dd8080866d86ea449503c_20141008-pm02-iraqdefence	81
0_57b29d35db9dd8080866d86ea449503c	air attack to islamic state	67b48f3f666b9d5015d4d1ef151dbd3a	20141115-sam04-isbrothers	audio_auto	audio_auto/0_57b29d35db9dd8080866d86ea449503c_20141115-sam04-isbrothers	82
0_57b29d35db9dd8080866d86ea449503c	air attack to islamic state	630608be4cadf75b66ddcb993142faee	20141005-cr01-kurds	audio_auto	audio_auto/0_57b29d35db9dd8080866d86ea449503c_20141005-cr01-kurds	83
0_57b29d35db9dd8080866d86ea449503c	air attack to islamic state	5a036b7d554a69ee6253a046d18cbafe	20141002-twt02-iraqmolan	audio_auto	audio_auto/0_57b29d35db9dd8080866d86ea449503c_20141002-twt02-iraqmolan	84
0_57b29d35db9dd8080866d86ea449503c	air attack to islamic state	54f37b754bcb5bb13bb9bbad6a2c921c	20141201-pm01-iraqfarce	audio_auto	audio_auto/0_57b29d35db9dd8080866d86ea449503c_20141201-pm01-iraqfarce	85
0_57b29d35db9dd8080866d86ea449503c	air attack to islamic state	61ba38c4398abd015a836e3406c2ee3a	20150218-twt10-libyaun	audio_auto	audio_auto/0_57b29d35db9dd8080866d86ea449503c_20150218-twt10-libyaun	86
0_57b29d35db9dd8080866d86ea449503c	air attack to islamic state	995df31ca654ac886c0f56081fe0e428	20150317-pm05-terrormonitor	audio_auto	audio_auto/0_57b29d35db9dd8080866d86ea449503c_20150317-pm05-terrormonitor	87
0_57b29d35db9dd8080866d86ea449503c	air attack to islamic state	82cecae143257bbc8ac3ddee2f359b0	20150312-am04-tikritoffensive	audio_auto	audio_auto/0_57b29d35db9dd8080866d86ea449503c_20150312-am04-tikritoffensive	88
0_57b29d35db9dd8080866d86ea449503c	air attack to islamic state	4b459b61253530904c687e490c2a8e64	20150306-am04-winterblast	audio_auto	audio_auto/0_57b29d35db9dd8080866d86ea449503c_20150306-am04-winterblast	89
0_57b29d35db9dd8080866d86ea449503c	air attack to islamic state	735abff57b9d522642677f2507cd6b0b	20141107-rnam03-myanmaroffences	audio_auto	audio_auto/0_57b29d35db9dd8080866d86ea449503c_20141107-rnam03-myanmaroffences	90
0_82c5e5c185ebe7d826354ea6052c13f3	free trade china australia	ac03968660246a35fc776eb1d710b4f0	20141205-pm08-robexplosion	audio_auto	audio_auto/0_82c5e5c185ebe7d826354ea6052c13f3_20141205-pm08-robexplosion	1
0_82c5e5c185ebe7d826354ea6052c13f3	free trade china australia	f69d40a8e76fce4c438677d80b810638	20141110-twt02-jameslaurenceson	audio_auto	audio_auto/0_82c5e5c185ebe7d826354ea6052c13f3_20141110-twt02-jameslaurenceson	2
0_82c5e5c185ebe7d826354ea6052c13f3	free trade china australia	3d1d935c712b268f528408db141f1639	20141027-twt08-aiglannin	audio_auto	audio_auto/0_82c5e5c185ebe7d826354ea6052c13f3_20141027-twt08-aiglannin	3
0_82c5e5c185ebe7d826354ea6052c13f3	free trade china australia	d7c28acc56a77caec63022ee9a6aa1f	20141110-rnam02-robbfta	audio_auto	audio_auto/0_82c5e5c185ebe7d826354ea6052c13f3_20141110-rnam02-robbfta	4
0_82c5e5c185ebe7d826354ea6052c13f3	free trade china australia	24386d55a7df5518835764c289ac27fd	20141010-rnam05-coal	audio_auto	audio_auto/0_82c5e5c185ebe7d826354ea6052c13f3_20141010-rnam05-coal	5
0_82c5e5c185ebe7d826354ea6052c13f3	free trade china australia	4f320ccbb75a6b436c0ecc0bd538e7ea	20141107-pm1-tradetalks	audio_auto	audio_auto/0_82c5e5c185ebe7d826354ea6052c13f3_20141107-pm1-tradetalks	6
0_82c5e5c185ebe7d826354ea6052c13f3	free trade china australia	82c5e5c185ebe7d826354ea6052c13f3	20141117-twt02-ftachina	audio_auto	audio_auto/0_82c5e5c185ebe7d826354ea6052c13f3_20141117-twt02-ftachina	7
0_82c5e5c185ebe7d826354ea6052c13f3	free trade china australia	e790881cd6f9adf80d07d5fa157dbe4f	20141107-am02-beijingcross	audio_auto	audio_auto/0_82c5e5c185ebe7d826354ea6052c13f3_20141107-am02-beijingcross	8
0_82c5e5c185ebe7d826354ea6052c13f3	free trade china australia	71bf40af3725e09132eccf36da1d76c1	20141110-twt01-tradedeal	audio_auto	audio_auto/0_82c5e5c185ebe7d826354ea6052c13f3_20141110-twt01-tradedeal	9
0_82c5e5c185ebe7d826354ea6052c13f3	free trade china australia	8196ba778949453ed56fff79b541e2a2	20141111-twt03-chinacurrency	audio_auto	audio_auto/0_82c5e5c185ebe7d826354ea6052c13f3_20141111-twt03-chinacurrency	10
2_2c44410773b903bb460bdb70df79e673	heart transplant of stopped heart	2c44410773b903bb460bdb70df79e673	20141024-twt03-heartbreakthrough	audio_auto	audio_auto/2_2c44410773b903bb460bdb70df79e673_20141024-twt03-heartbreakthrough	1
2_2c44410773b903bb460bdb70df79e673	heart transplant of stopped heart	7e853c11f6e7fdc7202541fef4c9207c	20141009-am07-defribribillatorfail	audio_auto	audio_auto/2_2c44410773b903bb460bdb70df79e673_20141009-am07-defribribillatorfail	2
2_2c44410773b903bb460bdb70df79e673	heart transplant of stopped heart	4165c841b2b479237d84167db48e769e	20141120-am07-oxygenhurtsrpl	audio_auto	audio_auto/2_2c44410773b903bb460bdb70df79e673_20141120-am07-oxygenhurtsrpl	3
2_2c44410773b903bb460bdb70df79e673	heart transplant of stopped heart	55df1a56996a4085299f815658c845e5	20150225-am07-angerattack	audio_auto	audio_auto/2_2c44410773b903bb460bdb70df79e673_20150225-am07-angerattack	4
2_2c44410773b903bb460bdb70df79e673	heart transplant of stopped heart	c0ad03d454aa529807ff9b86ae97bc92	20131031-twt07-templedome	audio_auto	audio_auto/2_2c44410773b903bb460bdb70df79e673_20131031-twt07-templedome	5
2_2c44410773b903bb460bdb70df79e673	heart transplant of stopped heart	8b7423a39092227b30331fcd34f141f	20141105-twt11-morecup	audio_auto	audio_auto/2_2c44410773b903bb460bdb70df79e673_20141105-twt11-morecup	6
2_2c44410773b903bb460bdb70df79e673	heart transplant of stopped heart	7ddf9455d8985b5d827bbe45cf2b232c	20141105-am01-melbcupdeathscupfollow	audio_auto	audio_auto/2_2c44410773b903bb460bdb70df79e673_20141105-am01-melbcupdeathscupfollow	7
2_2c44410773b903bb460bdb70df79e673	heart transplant of stopped heart	c1e0ab4f89f107ea7597aa38990827dc	20141002-pm09-smelldeath	audio_auto	audio_auto/2_2c44410773b903bb460bdb70df79e673_20141002-pm09-smelldeath	8
2_2c44410773b903bb460bdb70df79e673	heart transplant of stopped heart	c7b0d23ff3fbc7f2bb630bc77039b23e	20141013-twt11-cambodiasurgery	audio_auto	audio_auto/2_2c44410773b903bb460bdb70df79e673_20141013-twt11-cambodiasurgery	9
2_2c44410773b903bb460bdb70df79e673	heart transplant of stopped heart	655675bc4a558d0f3efb2714c2f5e972	20141216-pm01-siegetribute	audio_auto	audio_auto/2_2c44410773b903bb460bdb70df79e673_20141216-pm01-siegetribute	10
1_2fb5e2affb90eae4a57febcfe4e7c892	Jim Byrnes trade union commision	2fb5e2affb90eae4a57febcfe4e7c892	20141017-pm05-bigjim	audio_auto	audio_auto/1_2fb5e2affb90eae4a57febcfe4e7c892_20141017-pm05-bigjim	1
1_2fb5e2affb90eae4a57febcfe4e7c892	Jim Byrnes trade union commision	ee574969e572723d870fa773dc11dad3	20141219-twt08-unioncommissionrpl	audio_auto	audio_auto/1_2fb5e2affb90eae4a57febcfe4e7c892_20141219-twt08-unioncommissionrpl	2
1_2fb5e2affb90eae4a57febcfe4e7c892	Jim Byrnes trade union commision	356af97f27e0b23b6ad7268539000539	20141111-pm01-tradedeal	audio_auto	audio_auto/1_2fb5e2affb90eae4a57febcfe4e7c892_20141111-pm01-tradedeal	3
1_2fb5e2affb90eae4a57febcfe4e7c892	Jim Byrnes trade union commision	6d0f60c8a5815e0a714931bc4cae84ce	20141219-pm04-commissionfollow	audio_auto	audio_auto/1_2fb5e2affb90eae4a57febcfe4e7c892_20141219-pm04-commissionfollow	4
1_2fb5e2affb90eae4a57febcfe4e7c892	Jim Byrnes trade union commision	2a3f38cb03ec0dfbcffe210013862258	20141031-pm01-rplcunionstaskforce	audio_auto	audio_auto/1_2fb5e2affb90eae4a57febcfe4e7c892_20141031-pm01-rplcunionstaskforce	5
1_2fb5e2affb90eae4a57febcfe4e7c892	Jim Byrnes trade union commision	21ea15b1aab631ca3a349609299045d3	20141101-sam02-unionfallout	audio_auto	audio_auto/1_2fb5e2affb90eae4a57febcfe4e7c892_20141101-sam02-unionfallout	6
1_2fb5e2affb90eae4a57febcfe4e7c892	Jim Byrnes trade union commision	ba34e86a5afc38bf1ab10f7a20c1bce4	20141008-rnam03-brandiscommision	audio_auto	audio_auto/1_2fb5e2affb90eae4a57febcfe4e7c892_20141008-rnam03-brandiscommision	7
1_2fb5e2affb90eae4a57febcfe4e7c892	Jim Byrnes trade union commision	fe66eead0455fc7fb9a63cd3176ace2f	20141007-pm02-commissionextended	audio_auto	audio_auto/1_2fb5e2affb90eae4a57febcfe4e7c892_20141007-pm02-commissionextended	8
1_2fb5e2affb90eae4a57febcfe4e7c892	Jim Byrnes trade union commision	abd8e3e52d3fd52a511d6a6fd851520f	20150209-twt05-workplacereax	audio_auto	audio_auto/1_2fb5e2affb90eae4a57febcfe4e7c892_20150209-twt05-workplacereax	9
1_2fb5e2affb90eae4a57febcfe4e7c892	Jim Byrnes trade union commision	a35d320258f3cecf94fb65c55a439a5d	20141220-am07-cfmeu	audio_auto	audio_auto/1_2fb5e2affb90eae4a57febcfe4e7c892_20141220-am07-cfmeu	10
3_4b0cd3497690108467b59635b8b674d4	Clive James poetry new book voice Japanese Maple	4b0cd3497690108467b59635b8b674d4	20141125-pm05-clivejames	audio_auto	audio_auto/3_4b0cd3497690108467b59635b8b674d4_20141125-pm05-clivejames	1
3_4b0cd3497690108467b59635b8b674d4	Clive James poetry new book voice Japanese Maple	ebe2d4b23a734557b4ea473f40c33054	20142512-sos-clivejames	audio_auto	audio_auto/3_4b0cd3497690108467b59635b8b674d4_20142512-sos-clivejames	2
3_4b0cd3497690108467b59635b8b674d4	Clive James poetry new book voice Japanese Maple	46bcaf47ce9f84a7231ca557cb122ab4	20141209-am07-japan-secrets	audio_auto	audio_auto/3_4b0cd3497690108467b59635b8b674d4_20141209-am07-japan-secrets	3
3_4b0cd3497690108467b59635b8b674d4	Clive James poetry new book voice Japanese Maple	cfb7f1962de3a9d2320c7245ba29c7e2	20141016-am08-japanesecuisine	audio_auto	audio_auto/3_4b0cd3497690108467b59635b8b674d4_20141016-am08-japanesecuisine	4
3_4b0cd3497690108467b59635b8b674d4	Clive James poetry new book voice Japanese Maple	fd16d9f726395c60b729970d7efb6127	20150327-pm10-subspromise	audio_auto	audio_auto/3_4b0cd3497690108467b59635b8b674d4_20150327-pm10-subspromise	5
3_4b0cd3497690108467b59635b8b674d4	Clive James poetry new book voice Japanese Maple	85a8420c5a2b2c393331d52b0a1caa45	20141021-am08-womenministers	audio_auto	audio_auto/3_4b0cd3497690108467b59635b8b674d4_20141021-am08-womenministers	6
3_4b0cd3497690108467b59635b8b674d4	Clive James poetry new book voice Japanese Maple	5e13a29f9a1c896c899faa6d8e7f2f46	20141215-twt04-terroranalyst	audio_auto	audio_auto/3_4b0cd3497690108467b59635b8b674d4_20141215-twt04-terroranalyst	7
3_4b0cd3497690108467b59635b8b674d4	Clive James poetry new book voice Japanese Maple	68108a0ebc07bbc308400b5111597382	20141018-sam05-sexistacademics	audio_auto	audio_auto/3_4b0cd3497690108467b59635b8b674d4_20141018-sam05-sexistacademics	8
3_4b0cd3497690108467b59635b8b674d4	Clive James poetry new book voice Japanese Maple	9760fd2cc11acfca3dcde285f365bfd3	20141101-sam03-uniculture	audio_auto	audio_auto/3_4b0cd3497690108467b59635b8b674d4_20141101-sam03-uniculture	9
3_4b0cd3497690108467b59635b8b674d4	Clive James poetry new book voice Japanese Maple	c3241b48da5574eecbfd8179a50c03ad	20141218-pm06-spurrquits	audio_auto	audio_auto/3_4b0cd3497690108467b59635b8b674d4_20141218-pm06-spurrquits	10
0_5f7f3b29f264023e003de0db4a787e40	productivity commission's reportchildcare system	5f7f3b29f264023e003de0db4a787e40	20150220-twt01-childcarepols	audio_auto	audio_auto/0_5f7f3b29f264023e003de0db4a787e40_20150220-twt01-childcarepols	1
0_5f7f3b29f264023e003de0db4a787e40	productivity commission's reportchildcare system	6212178bd1d20aba5e62bb288cffc2da	20141120-twt03-ACCCCFMEU	audio_auto	audio_auto/0_5f7f3b29f264023e003de0db4a787e40_20141120-twt03-ACCCCFMEU	2
0_5f7f3b29f264023e003de0db4a787e40	productivity commission's reportchildcare system	a35d320258f3cecf94fb65c55a439a5d	20141220-am07-cfmeu	audio_auto	audio_auto/0_5f7f3b29f264023e003de0db4a787e40_20141220-am07-cfmeu	3
0_5f7f3b29f264023e003de0db4a787e40	productivity commission's reportchildcare system	5407d327107a372f79e32261ce2940c2	S20150202-pm03-lamingiv	audio_auto	audio_auto/0_5f7f3b29f264023e003de0db4a787e40_S20150202-pm03-lamingiv	4
0_5f7f3b29f264023e003de0db4a787e40	productivity commission's reportchildcare system	82419296fcc3b476acabc9da8d63f9e6	20141104-twt10-pasturepests	audio_auto	audio_auto/0_5f7f3b29f264023e003de0db4a787e40_20141104-twt10-pasturepests	5
0_5f7f3b29f264023e003de0db4a787e40	productivity commission's reportchildcare system	ca6b0aa8d55218671fbc542140fd5262	20141118-pm08-meshaction	audio_auto	audio_auto/0_5f7f3b29f264023e003de0db4a787e40_20141118-pm08-meshaction	6
0_5f7f3b29f264023e003de0db4a787e40	productivity commission's reportchildcare system	11697f491f88ad0f6d963be77cef06fc	20141027-pm09-foodlabelling	audio_auto	audio_auto/0_5f7f3b29f264023e003de0db4a787e40_20141027-pm09-foodlabelling	7
0_5f7f3b29f264023e003de0db4a787e40	productivity commission's reportchildcare system	479e076901716a4e497c00d19f9436c7	20150202-pm04-abbottchildcare	audio_auto	audio_auto/0_5f7f3b29f264023e003de0db4a787e40_20150202-pm04-abbottchildcare	8
0_5f7f3b29f264023e003de0db4a787e40	productivity commission's reportchildcare system	917b42edca506f46ee1a454989a30e1a	20150313-eam03-gutcapsule	audio_auto	audio_auto/0_5f7f3b29f264023e003de0db4a787e40_20150313-eam03-gutcapsule	9
0_5f7f3b29f264023e003de0db4a787e40	productivity commission's reportchildcare system	25dd60cb8fa9ad5f68e620b42befa813	20141208-pm03-consumerfsi	audio_auto	audio_auto/0_5f7f3b29f264023e003de0db4a787e40_20141208-pm03-consumerfsi	10
2_6fb77da40736a0ad269525fbbe27cf08	bangkok bombing	6fb77da40736a0ad269525fbbe27cf08	20150203-rnam04-thailandunrest	audio_auto	audio_auto/2_6fb77da40736a0ad269525fbbe27cf08_20150203-rnam04-thailandunrest	1
2_6fb77da40736a0ad269525fbbe27cf08	bangkok bombing	38f3051bf46ff86d4121535ccdd499ba	20141210-twt08-hambalitortorture	audio_auto	audio_auto/2_6fb77da40736a0ad269525fbbe27cf08_20141210-twt08-hambalitortorture	2
2_6fb77da40736a0ad269525fbbe27cf08	bangkok bombing	8ae1346fac8d0b760eea41eb58d3bf03	20150207-cr-03-thailand	audio_auto	audio_auto/2_6fb77da40736a0ad269525fbbe27cf08_20150207-cr-03-thailand	3
2_6fb77da40736a0ad269525fbbe27cf08	bangkok bombing	c2753eb53b1e0c3bf43bb592c61da1ba	20150401-rnam03-bostontrialrpl	audio_auto	audio_auto/2_6fb77da40736a0ad269525fbbe27cf08_20150401-rnam03-bostontrialrpl	4
2_6fb77da40736a0ad269525fbbe27cf08	bangkok bombing	c33653c4c7d6f87262abc5a249f56b4c	20150327-am05-yemenattacksrpl	audio_auto	audio_auto/2_6fb77da40736a0ad269525fbbe27cf08_20150327-am05-yemenattacksrpl	5
2_6fb77da40736a0ad269525fbbe27cf08	bangkok bombing	adfa21e6a4d2e5196e085e68fdaab02b	20150305-rnam04-bostombombtrial	audio_auto	audio_auto/2_6fb77da40736a0ad269525fbbe27cf08_20150305-rnam04-bostombombtrial	6
2_6fb77da40736a0ad269525fbbe27cf08	bangkok bombing	140b842960ca0e6d0a81b0bc8e81afa9	20150309-am08-tokyofirebombings	audio_auto	audio_auto/2_6fb77da40736a0ad269525fbbe27cf08_20150309-am08-tokyofirebombings	7
2_6fb77da40736a0ad269525fbbe27cf08	bangkok bombing	86b8be512b0c02f362dcdecc0ab7a02e	20141013-am06-iraqis	audio_auto	audio_auto/2_6fb77da40736a0ad269525fbbe27cf08_20141013-am06-iraqis	8
2_6fb77da40736a0ad269525fbbe27cf08	bangkok bombing	21575fa483c63baca9a3948dd20dfd4e	20150313-eam01-iraqibattles	audio_auto	audio_auto/2_6fb77da40736a0ad269525fbbe27cf08_20150313-eam01-iraqibattles	9
2_6fb77da40736a0ad269525fbbe27cf08	bangkok bombing	2e1f762dda50cd63653dc4770e557c0b	20150312-pm01-bilardiunpacked	audio_auto	audio_auto/2_6fb77da40736a0ad269525fbbe27cf08_20150312-pm01-bilardiunpacked	10
3_7a82939469671ecb72cd20641459fc67	Kim Jong-un 69th anniversary of the ruling Workers' Party	7a82939469671ecb72cd20641459fc67	20141010-twt09-where-s-kim	audio_auto	audio_auto/3_7a82939469671ecb72cd20641459fc67_20141010-twt09-where-s-kim	1
3_7a82939469671ecb72cd20641459fc67	Kim Jong-un 69th anniversary of the ruling Workers' Party	8bcc3765ba4d798ee43b6550723e321a	20141205-twt09-kimname	audio_auto	audio_auto/3_7a82939469671ecb72cd20641459fc67_20141205-twt09-kimname	2
3_7a82939469671ecb72cd20641459fc67	Kim Jong-un 69th anniversary of the ruling Workers' Party	ca22c7069e56d7a71375d5125177db8b	20141014-twt08-kimappears	audio_auto	audio_auto/3_7a82939469671ecb72cd20641459fc67_20141014-twt08-kimappears	3
3_7a82939469671ecb72cd20641459fc67	Kim Jong-un 69th anniversary of the ruling Workers' Party	8aeaab381d335de56e4c430006962e23	20141007-twt02-colescasuals	audio_auto	audio_auto/3_7a82939469671ecb72cd20641459fc67_20141007-twt02-colescasuals	4
3_7a82939469671ecb72cd20641459fc67	Kim Jong-un 69th anniversary of the ruling Workers' Party	e1cbfaf62302963cf375e330765dcff2	20141119-twt02-financialchanges	audio_auto	audio_auto/3_7a82939469671ecb72cd20641459fc67_20141119-twt02-financialchanges	5
3_7a82939469671ecb72cd20641459fc67	Kim Jong-un 69th anniversary of the ruling Workers' Party	fdfc0b00b46f9f9b3a2bd95d29a03740	20150203-am03-macfarlaneiv	audio_auto	audio_auto/3_7a82939469671ecb72cd20641459fc67_20150203-am03-macfarlaneiv	6
3_7a82939469671ecb72cd20641459fc67	Kim Jong-un 69th anniversary of the ruling Workers' Party	ba9e005b95ce7bbb3d87b8da90f97d26	20150210-pm11-nigeriaelection	audio_auto	audio_auto/3_7a82939469671ecb72cd20641459fc67_20150210-pm11-nigeriaelection	7
3_7a82939469671ecb72cd20641459fc67	Kim Jong-un 69th anniversary of the ruling Workers' Party	24cf7d44361f8ea94be2a9b3bc9b612	20150326-pm04-offshorevisas	audio_auto	audio_auto/3_7a82939469671ecb72cd20641459fc67_20150326-pm04-offshorevisas	8
3_7a82939469671ecb72cd20641459fc67	Kim Jong-un 69th anniversary of the ruling Workers' Party	59a5d42ffa16087458401e8dcb0ba327	20150206-twt09-bushfirepayout	audio_auto	audio_auto/3_7a82939469671ecb72cd20641459fc67_20150206-twt09-bushfirepayout	9
3_7a82939469671ecb72cd20641459fc67	Kim Jong-un 69th anniversary of the ruling Workers' Party	b9c2eaefb9080185c78cea057cf472d8	20141005-cr04-cuddihyondeath	audio_auto	audio_auto/3_7a82939469671ecb72cd20641459fc67_20141005-cr04-cuddihyondeath	10
1_7b62064f74efab3b08e799921e33cd07	Black Saturday AusNet payout	59a5d42ffa16087458401e8dcb0ba327	20150206-twt09-bushfirepayout	audio_auto	audio_auto/1_7b62064f74efab3b08e799921e33cd07_20150206-twt09-bushfirepayout	1
1_7b62064f74efab3b08e799921e33cd07	Black Saturday AusNet payout	7b62064f74efab3b08e799921e33cd07	20150206-pm05-ausnetcompo	audio_auto	audio_auto/1_7b62064f74efab3b08e799921e33cd07_20150206-pm05-ausnetcompo	2
1_7b62064f74efab3b08e799921e33cd07	Black Saturday AusNet payout	ca90562731d0816ed6f09f8abf4af62c	20150213-eam03-rioprofit	audio_auto	audio_auto/1_7b62064f74efab3b08e799921e33cd07_20150213-eam03-rioprofit	3
1_7b62064f74efab3b08e799921e33cd07	Black Saturday AusNet payout	35c9ca70bfd63579a4f1f5995881fec2	20141031-eam03-anzaccentenary	audio_auto	audio_auto/1_7b62064f74efab3b08e799921e33cd07_20141031-eam03-anzaccentenary	4
1_7b62064f74efab3b08e799921e33cd07	Black Saturday AusNet payout	97d0c86cc901e16563dcb0f52761bd08	20141110-pm09-firepreview	audio_auto	audio_auto/1_7b62064f74efab3b08e799921e33cd07_20141110-pm09-firepreview	5
1_7b62064f74efab3b08e799921e33cd07	Black Saturday AusNet payout	fee0a8814a6d60ab897f37b68e290718	20141008-twt05-baddividents	audio_auto	audio_auto/1_7b62064f74efab3b08e799921e33cd07_20141008-twt05-baddividents	6
1_7b62064f74efab3b08e799921e33cd07	Black Saturday AusNet payout	7e5cda2d3f61b2de094e2e3eec6eadb0	20150328-sam06-agripaper	audio_auto	audio_auto/1_7b62064f74efab3b08e799921e33cd07_20150328-sam06-agripaper	7
1_7b62064f74efab3b08e799921e33cd07	Black Saturday AusNet payout	3161db5189a02c45644a5b16ee82b899	20141118-pm10-whithersobit	audio_auto	audio_auto/1_7b62064f74efab3b08e799921e33cd07_20141118-pm10-whithersobit	8
1_7b62064f74efab3b08e799921e33cd07	Black Saturday AusNet payout	75e69d461d17b17aa2d3af8de0b3ef71	20150317-twt08-boxingdeath	audio_auto	audio_auto/1_7b62064f74efab3b08e799921e33cd07_20150317-twt08-boxingdeath	9
1_7b62064f74efab3b08e799921e33cd07	Black Saturday AusNet payout	180ef793063022d0fe3aa352c8dece62	20141220-am04-bonitamersiades	audio_auto	audio_auto/1_7b62064f74efab3b08e799921e33cd07_20141220-am04-bonitamersiades	10
1_16a5aeb80231da572d417ad1a5fadfe7	Freedom Ride Perkins	ac46b26e8ef3b971959e410108801c88	20150216-eam03-freedomrides	audio_auto	audio_auto/1_16a5aeb80231da572d417ad1a5fadfe7_20150216-eam03-freedomrides	1
1_16a5aeb80231da572d417ad1a5fadfe7	Freedom Ride Perkins	16a5aeb80231da572d417ad1a5fadfe7	20150217-pm06-geraldstoneivrpl	audio_auto	audio_auto/1_16a5aeb80231da572d417ad1a5fadfe7_20150217-pm06-geraldstoneivrpl	2
1_16a5aeb80231da572d417ad1a5fadfe7	Freedom Ride Perkins	87ccee60d4f5ed6ea773bce5d3717092	20150218-am07-freedomleaves	audio_auto	audio_auto/1_16a5aeb80231da572d417ad1a5fadfe7_20150218-am07-freedomleaves	3
1_16a5aeb80231da572d417ad1a5fadfe7	Freedom Ride Perkins	84af6b0a20481c9ea2162bc9c331e710	20150220-rnam05-moreepreview	audio_auto	audio_auto/1_16a5aeb80231da572d417ad1a5fadfe7_20150220-rnam05-moreepreview	4
1_16a5aeb80231da572d417ad1a5fadfe7	Freedom Ride Perkins	8ecfc946d83ff04eca51d39d42f35338	20150216-twt10-morefreedom	audio_auto	audio_auto/1_16a5aeb80231da572d417ad1a5fadfe7_20150216-twt10-morefreedom	5
1_16a5aeb80231da572d417ad1a5fadfe7	Freedom Ride Perkins	9a2a8c784ff3d7d0a3159f4d6f8bb174	20131031-twt08-ebolanurse	audio_auto	audio_auto/1_16a5aeb80231da572d417ad1a5fadfe7_20131031-twt08-ebolanurse	6
1_16a5aeb80231da572d417ad1a5fadfe7	Freedom Ride Perkins	1fea6f593e59f15573594ff721a108bf	20140207-sam-07-skateboards	audio_auto	audio_auto/1_16a5aeb80231da572d417ad1a5fadfe7_20140207-sam-07-skateboards	7
1_16a5aeb80231da572d417ad1a5fadfe7	Freedom Ride Perkins	7b5c9b6ef229aaa698fafc6e295ed42b	20150309-twt03-balilatest	audio_auto	audio_auto/1_16a5aeb80231da572d417ad1a5fadfe7_20150309-twt03-balilatest	8
1_16a5aeb80231da572d417ad1a5fadfe7	Freedom Ride Perkins	19fea3955328892076428c59e91d819c	20150309-pm10-canetoads	audio_auto	audio_auto/1_16a5aeb80231da572d417ad1a5fadfe7_20150309-pm10-canetoads	9
1_16a5aeb80231da572d417ad1a5fadfe7	Freedom Ride Perkins	1ed694cdc383b6f52199406e58f731e3	20141024-eam02-murdochcensorshiprpl	audio_auto	audio_auto/1_16a5aeb80231da572d417ad1a5fadfe7_20141024-eam02-murdochcensorshiprpl	10
2_33e6d6777f3f00bcab0618de79c1ef89	ABS accepts recommendations	33e6d6777f3f00bcab0618de79c1ef89	20141209-pm10-absreport	audio_auto	audio_auto/2_33e6d6777f3f00bcab0618de79c1ef89_20141209-pm10-absreport	1
2_33e6d6777f3f00bcab0618de79c1ef89	ABS accepts recommendations	5c33467cefeeba65f1ae75dd728837e	20141017-twt06-brandisiv	audio_auto	audio_auto/2_33e6d6777f3f00bcab0618de79c1ef89_20141017-twt06-brandisiv	2
2_33e6d6777f3f00bcab0618de79c1ef89	ABS accepts recommendations	dbae99556473ba28fd90c7a24a2b61f3	20150401-rnam01-ianharperiv	audio_auto	audio_auto/2_33e6d6777f3f00bcab0618de79c1ef89_20150401-rnam01-ianharperiv	3
2_33e6d6777f3f00bcab0618de79c1ef89	ABS accepts recommendations	a0507d6f53e4403ffd0e6188cc70dad0	20141203-pm09-mecicineapprovals	audio_auto	audio_auto/2_33e6d6777f3f00bcab0618de79c1ef89_20141203-pm09-mecicineapprovals	4
2_33e6d6777f3f00bcab0618de79c1ef89	ABS accepts recommendations	7cb8ae15a7174e073fc40377da54c8f5	20150401-twt01-brucecompetition	audio_auto	audio_auto/2_33e6d6777f3f00bcab0618de79c1ef89_20150401-twt01-brucecompetition	5
2_33e6d6777f3f00bcab0618de79c1ef89	ABS accepts recommendations	36dbb9b519141c5354738ab5c9bf361f	20141017-twt05-foreignfighters	audio_auto	audio_auto/2_33e6d6777f3f00bcab0618de79c1ef89_20141017-twt05-foreignfighters	6
2_33e6d6777f3f00bcab0618de79c1ef89	ABS accepts recommendations	b6f7fc76e7850398768cc82c4f4eef42	20141104-twt05-unionabbott	audio_auto	audio_auto/2_33e6d6777f3f00bcab0618de79c1ef89_20141104-twt05-unionabbott	7
2_33e6d6777f3f00bcab0618de79c1ef89	ABS accepts recommendations	e90e4e340c975418378c66551b23abc9	20141208-pm04-verrenderlive	audio_auto	audio_auto/2_33e6d6777f3f00bcab0618de79c1ef89_20141208-pm04-verrenderlive	8
2_33e6d6777f3f00bcab0618de79c1ef89	ABS accepts recommendations	c8d80056305fb916dde3859985e73301	20141020-pm07-norfolkbriggs	audio_auto	audio_auto/2_33e6d6777f3f00bcab0618de79c1ef89_20141020-pm07-norfolkbriggs	9
2_33e6d6777f3f00bcab0618de79c1ef89	ABS accepts recommendations	4a7b8fa113d0fb03c20d9c3bb10ab886	20141201-twt09-ivstudy	audio_auto	audio_auto/2_33e6d6777f3f00bcab0618de79c1ef89_20141201-twt09-ivstudy	10
0_7651ce82f1625db7a03974e5f6d47a66	floral tribute martin place	556976dd99b275f62ca8a2b5e23c9b2b	20141219-pm06-martintribute	audio_auto	audio_auto/0_7651ce82f1625db7a03974e5f6d47a66_20141219-pm06-martintribute	1
0_7651ce82f1625db7a03974e5f6d47a66	floral tribute martin place	d9179726d6b645c885269451891dcf1a	20141218-twt03-siegethursday	audio_auto	audio_auto/0_7651ce82f1625db7a03974e5f6d47a66_20141218-twt03-siegethursday	2
0_7651ce82f1625db7a03974e5f6d47a66	floral tribute martin place	34624b1831c1099da0b05753f501643	20141216-pm02-muslimsmartinplace	audio_auto	audio_auto/0_7651ce82f1625db7a03974e5f6d47a66_20141216-pm02-muslimsmartinplace	3
0_7651ce82f1625db7a03974e5f6d47a66	floral tribute martin place	655675bc4a558d0f3efb2714c2f5e972	20141216-pm01-siegetribute	audio_auto	audio_auto/0_7651ce82f1625db7a03974e5f6d47a66_20141216-pm01-siegetribute	4
0_7651ce82f1625db7a03974e5f6d47a66	floral tribute martin place	a5d0df31047c6ea825e8f88fe8f0e8ae	20141217-twt04-johnobrian	audio_auto	audio_auto/0_7651ce82f1625db7a03974e5f6d47a66_20141217-twt04-johnobrian	5
0_7651ce82f1625db7a03974e5f6d47a66	floral tribute martin place	7651ce82f1625db7a03974e5f6d47a66	20141216-twt03-martinplacetribute	audio_auto	audio_auto/0_7651ce82f1625db7a03974e5f6d47a66_20141216-twt03-martinplacetribute	6
0_7651ce82f1625db7a03974e5f6d47a66	floral tribute martin place	c0ba0f60580bba3b396dc21c6c215644	20141219-twt02-sydneysiegefridayrpl	audio_auto	audio_auto/0_7651ce82f1625db7a03974e5f6d47a66_20141219-twt02-sydneysiegefridayrpl	7
0_7651ce82f1625db7a03974e5f6d47a66	floral tribute martin place	cb4d265aa16dd318be703bdfdb6aa752	20141215-twt2-abbottpenguin-RPL	audio_auto	audio_auto/0_7651ce82f1625db7a03974e5f6d47a66_20141215-twt2-abbottpenguin-RPL	8
0_7651ce82f1625db7a03974e5f6d47a66	floral tribute martin place	18d76c229a6ed307ed130fbeae591e4d	20141215-twt3-lindtworker-RPL	audio_auto	audio_auto/0_7651ce82f1625db7a03974e5f6d47a66_20141215-twt3-lindtworker-RPL	9
0_7651ce82f1625db7a03974e5f6d47a66	floral tribute martin place	86c90bf9dd9a890b71ea55bb847584eb	20141218-twt01-gunsfollow	audio_auto	audio_auto/0_7651ce82f1625db7a03974e5f6d47a66_20141218-twt01-gunsfollow	10
3_38099afc5500bf2361a91e5761557ad2	US police shoot 12 year old boy toy gun	38099afc5500bf2361a91e5761557ad2	20141213-am03-autopsy	audio_auto	audio_auto/3_38099afc5500bf2361a91e5761557ad2_20141213-am03-autopsy	1
3_38099afc5500bf2361a91e5761557ad2	US police shoot 12 year old boy toy gun	83b679331551ae26782fdfcbcf29341a	20141127-am05-kiddeath	audio_auto	audio_auto/3_38099afc5500bf2361a91e5761557ad2_20141127-am05-kiddeath	2
3_38099afc5500bf2361a91e5761557ad2	US police shoot 12 year old boy toy gun	4d69c6814f82f5d64971b8c1f27eeab7	20150311-twt07-isgirls	audio_auto	audio_auto/3_38099afc5500bf2361a91e5761557ad2_20150311-twt07-isgirls	3
3_38099afc5500bf2361a91e5761557ad2	US police shoot 12 year old boy toy gun	e9a8fff07e9ab23e65cd846f62890d43	20141125-pm01-fergusonverdict	audio_auto	audio_auto/3_38099afc5500bf2361a91e5761557ad2_20141125-pm01-fergusonverdict	4
3_38099afc5500bf2361a91e5761557ad2	US police shoot 12 year old boy toy gun	61e849573069ae02ce71f05061d99cc	20141125-twt06-policeshootings	audio_auto	audio_auto/3_38099afc5500bf2361a91e5761557ad2_20141125-twt06-policeshootings	5
3_38099afc5500bf2361a91e5761557ad2	US police shoot 12 year old boy toy gun	44244b2edc50e95a01476942168c7f35	20150313-twt07-fergusonpolice	audio_auto	audio_auto/3_38099afc5500bf2361a91e5761557ad2_20150313-twt07-fergusonpolice	6
3_38099afc5500bf2361a91e5761557ad2	US police shoot 12 year old boy toy gun	2e73c481c4cc909a650cd46c173c046f	20150314-am04-fergusonsat	audio_auto	audio_auto/3_38099afc5500bf2361a91e5761557ad2_20150314-am04-fergusonsat	7
3_38099afc5500bf2361a91e5761557ad2	US police shoot 12 year old boy toy gun	508edf10d600afcd97a6e626dae025d7	20150226-am06-taserkids	audio_auto	audio_auto/3_38099afc5500bf2361a91e5761557ad2_20150226-am06-taserkids	8
3_38099afc5500bf2361a91e5761557ad2	US police shoot 12 year old boy toy gun	512ee194158489ba2c78ccb20ac58638	20141013-pm11-day1guns	audio_auto	audio_auto/3_38099afc5500bf2361a91e5761557ad2_20141013-pm11-day1guns	9
3_38099afc5500bf2361a91e5761557ad2	US police shoot 12 year old boy toy gun	80bdebbd538dac747d765d7723ffb22a	20150311-rnam02-philippinesabuse	audio_auto	audio_auto/3_38099afc5500bf2361a91e5761557ad2_20150311-rnam02-philippinesabuse	10
1_68553637fbdd970354aa3ab696199d86	Dog show Crufts controversy	68553637fbdd970354aa3ab696199d86	20150310-twt12-deaddog	audio_auto	audio_auto/1_68553637fbdd970354aa3ab696199d86_20150310-twt12-deaddog	1
1_68553637fbdd970354aa3ab696199d86	Dog show Crufts controversy	a6bb7ed2cc4a6132adadbd2e538269a3	20150315-cr03-murderatcrufts	audio_auto	audio_auto/1_68553637fbdd970354aa3ab696199d86_20150315-cr03-murderatcrufts	2
1_68553637fbdd970354aa3ab696199d86	Dog show Crufts controversy	b411442ff3b151ad143db87cff251f6f	20131031-twt10-obesitycostrpl	audio_auto	audio_auto/1_68553637fbdd970354aa3ab696199d86_20131031-twt10-obesitycostrpl	3
1_68553637fbdd970354aa3ab696199d86	Dog show Crufts controversy	b3a0066135a414a46550c2d309d8f996	20141001-twt02-budgetmoves	audio_auto	audio_auto/1_68553637fbdd970354aa3ab696199d86_20141001-twt02-budgetmoves	4
1_68553637fbdd970354aa3ab696199d86	Dog show Crufts controversy	8840292604d24fcf2345983bf1c4e706	20141009-pm08-nukeuk	audio_auto	audio_auto/1_68553637fbdd970354aa3ab696199d86_20141009-pm08-nukeuk	5
1_68553637fbdd970354aa3ab696199d86	Dog show Crufts controversy	2ccad3af3f901cb00e525d3025966b47	20150210-twt07-kathrynmillardiv	audio_auto	audio_auto/1_68553637fbdd970354aa3ab696199d86_20150210-twt07-kathrynmillardiv	6
1_68553637fbdd970354aa3ab696199d86	Dog show Crufts controversy	e661f71963e96475fa188f41a465c2dd	20141209-eam02-refugeeboats	audio_auto	audio_auto/1_68553637fbdd970354aa3ab696199d86_20141209-eam02-refugeeboats	7
1_68553637fbdd970354aa3ab696199d86	Dog show Crufts controversy	86198e43e6e99de931fa4e210516a2c6	20150216-am01-morrisoniv	audio_auto	audio_auto/1_68553637fbdd970354aa3ab696199d86_20150216-am01-morrisoniv	8
1_68553637fbdd970354aa3ab696199d86	Dog show Crufts controversy	9206746975a3cb3031fe167a2476434e	20150318-twt08-israelpoll	audio_auto	audio_auto/1_68553637fbdd970354aa3ab696199d86_20150318-twt08-israelpoll	9
1_68553637fbdd970354aa3ab696199d86	Dog show Crufts controversy	6175a053789cb42c3554d00ce3222b60	20150217-twt05-greyhoundfallout	audio_auto	audio_auto/1_68553637fbdd970354aa3ab696199d86_20150217-twt05-greyhoundfallout	10
0_a6d7e7357dcdc4c796a1e7409a2f18c7	australian arrested in bali to be executed	86919e2a75ea2c2c8ad734b34ecbf24	20150228-cr01-balinine	audio_auto	audio_auto/0_a6d7e7357dcdc4c796a1e7409a2f18c7_20150228-cr01-balinine	1
0_a6d7e7357dcdc4c796a1e7409a2f18c7	australian arrested in bali to be executed	10a24da47400132fdb9bce6bf4cdd2c8	20150205-twt02-balicraven	audio_auto	audio_auto/0_a6d7e7357dcdc4c796a1e7409a2f18c7_20150205-twt02-balicraven	2
0_a6d7e7357dcdc4c796a1e7409a2f18c7	australian arrested in bali to be executed	eb2fd4eeb3a204e76d65ab7b85c1e089	20150213-twt02-ruddockbali9	audio_auto	audio_auto/0_a6d7e7357dcdc4c796a1e7409a2f18c7_20150213-twt02-ruddockbali9	3
0_a6d7e7357dcdc4c796a1e7409a2f18c7	australian arrested in bali to be executed	a6d7e7357dcdc4c796a1e7409a2f18c7	20150226-twt04-georgeqna	audio_auto	audio_auto/0_a6d7e7357dcdc4c796a1e7409a2f18c7_20150226-twt04-georgeqna	4
0_a6d7e7357dcdc4c796a1e7409a2f18c7	australian arrested in bali to be executed	fa80cdb35acfc3f8c315c8d7114b78a7	20150218-twt01-balininevigil	audio_auto	audio_auto/0_a6d7e7357dcdc4c796a1e7409a2f18c7_20150218-twt01-balininevigil	5
0_a6d7e7357dcdc4c796a1e7409a2f18c7	australian arrested in bali to be executed	1f90380cda9df2e199f6008faa72520d	20150226-twt03-balicall	audio_auto	audio_auto/0_a6d7e7357dcdc4c796a1e7409a2f18c7_20150226-twt03-balicall	6
0_a6d7e7357dcdc4c796a1e7409a2f18c7	australian arrested in bali to be executed	83ba4cf28e580e9bbef090683ca43a10	20150213-pm03-bishopiv	audio_auto	audio_auto/0_a6d7e7357dcdc4c796a1e7409a2f18c7_20150213-pm03-bishopiv	7
0_a6d7e7357dcdc4c796a1e7409a2f18c7	australian arrested in bali to be executed	a3c44742e2aac701dc19119f9e932669	20150218-twt02-alstoniv	audio_auto	audio_auto/0_a6d7e7357dcdc4c796a1e7409a2f18c7_20150218-twt02-alstoniv	8
0_a6d7e7357dcdc4c796a1e7409a2f18c7	australian arrested in bali to be executed	f58b60cc90043af51b3a040015afb3ae	20150306-twt03-gregjenett	audio_auto	audio_auto/0_a6d7e7357dcdc4c796a1e7409a2f18c7_20150306-twt03-gregjenett	9
0_a6d7e7357dcdc4c796a1e7409a2f18c7	australian arrested in bali to be executed	dd2d74fdfbfb3934f5793d128e392e3a	20150216-pm04-balilive	audio_auto	audio_auto/0_a6d7e7357dcdc4c796a1e7409a2f18c7_20150216-pm04-balilive	10
2_aa5f28277aff96ab167725128252d7fe	hospital bed shortage adelaide	aa5f28277aff96ab167725128252d7fe	20141021-twt10-mentalshortage	audio_auto	audio_auto/2_aa5f28277aff96ab167725128252d7fe_20141021-twt10-mentalshortage	1
2_aa5f28277aff96ab167725128252d7fe	hospital bed shortage adelaide	955b641156c2f37f3bab14366b67a76d	20150204-pm08-samental	audio_auto	audio_auto/2_aa5f28277aff96ab167725128252d7fe_20150204-pm08-samental	2
2_aa5f28277aff96ab167725128252d7fe	hospital bed shortage adelaide	ce3fbe6c6141d78f5a8a3d3f48bcfa55	20141106-rnam01-ebolareax	audio_auto	audio_auto/2_aa5f28277aff96ab167725128252d7fe_20141106-rnam01-ebolareax	3
2_aa5f28277aff96ab167725128252d7fe	hospital bed shortage adelaide	ee54957924378e397fab77a5bef17e9f	20141027-am02-ebolaiv	audio_auto	audio_auto/2_aa5f28277aff96ab167725128252d7fe_20141027-am02-ebolaiv	4
2_aa5f28277aff96ab167725128252d7fe	hospital bed shortage adelaide	ccffd31190dde829275028808345555f	20141120-pm08-postnatal	audio_auto	audio_auto/2_aa5f28277aff96ab167725128252d7fe_20141120-pm08-postnatal	5
2_aa5f28277aff96ab167725128252d7fe	hospital bed shortage adelaide	dc695e0f2e5e25509cc7fc1b2eeb599	20141105-pm02-ebola24m	audio_auto	audio_auto/2_aa5f28277aff96ab167725128252d7fe_20141105-pm02-ebola24m	6
2_aa5f28277aff96ab167725128252d7fe	hospital bed shortage adelaide	c5a5dec8cbd17eaff3263816104ad1d2	20141017-twt01-ebolacrisis	audio_auto	audio_auto/2_aa5f28277aff96ab167725128252d7fe_20141017-twt01-ebolacrisis	7
2_aa5f28277aff96ab167725128252d7fe	hospital bed shortage adelaide	19688a41cb25c30364c145400a7fd959	20141015-twt09-bedshortage	audio_auto	audio_auto/2_aa5f28277aff96ab167725128252d7fe_20141015-twt09-bedshortage	8
2_aa5f28277aff96ab167725128252d7fe	hospital bed shortage adelaide	d6af3490ea167d5371b22040f30f077	20150216-twt05-cricketbrawl	audio_auto	audio_auto/2_aa5f28277aff96ab167725128252d7fe_20150216-twt05-cricketbrawl	9
2_aa5f28277aff96ab167725128252d7fe	hospital bed shortage adelaide	3179192bde250810169e5606b7b3ba39	20141009-pm05gpcopayment	audio_auto	audio_auto/2_aa5f28277aff96ab167725128252d7fe_20141009-pm05gpcopayment	10
2_b99feeb38be53d1090f6022b770ddee1	adelaide fringe festival	d1790ccd0e01f83384f209a46d262378	20150219-twt11-mentalplay	audio_auto	audio_auto/2_b99feeb38be53d1090f6022b770ddee1_20150219-twt11-mentalplay	1
2_b99feeb38be53d1090f6022b770ddee1	adelaide fringe festival	b99feeb38be53d1090f6022b770ddee1	20150213-twt11-blindparade	audio_auto	audio_auto/2_b99feeb38be53d1090f6022b770ddee1_20150213-twt11-blindparade	2
2_b99feeb38be53d1090f6022b770ddee1	adelaide fringe festival	a04a11096d4e09589dd92f712e04fafb	20141115-sam07-feastfestival	audio_auto	audio_auto/2_b99feeb38be53d1090f6022b770ddee1_20141115-sam07-feastfestival	3
2_b99feeb38be53d1090f6022b770ddee1	adelaide fringe festival	9bb6fa332ef6de9ab5003c5e292a093f	20141128-pm08-huntfestguns	audio_auto	audio_auto/2_b99feeb38be53d1090f6022b770ddee1_20141128-pm08-huntfestguns	4
2_b99feeb38be53d1090f6022b770ddee1	adelaide fringe festival	9c5eaa75d17882996a4a22a8c8cf8	20141226-am05-christmastrash	audio_auto	audio_auto/2_b99feeb38be53d1090f6022b770ddee1_20141226-am05-christmastrash	5
2_b99feeb38be53d1090f6022b770ddee1	adelaide fringe festival	f600443dd9ac36cb45decc6b98d0536e	20150209-pm10-drugdeath	audio_auto	audio_auto/2_b99feeb38be53d1090f6022b770ddee1_20150209-pm10-drugdeath	6
2_b99feeb38be53d1090f6022b770ddee1	adelaide fringe festival	5f7fc30efe2232ca81560168913614e	20141126-twt-hugheslatest	audio_auto	audio_auto/2_b99feeb38be53d1090f6022b770ddee1_20141126-twt-hugheslatest	7
2_b99feeb38be53d1090f6022b770ddee1	adelaide fringe festival	bc0f110fce65fe9c891a2cd27cfbae6d	20150220-eam03-icehouse	audio_auto	audio_auto/2_b99feeb38be53d1090f6022b770ddee1_20150220-eam03-icehouse	8
2_b99feeb38be53d1090f6022b770ddee1	adelaide fringe festival	22e582e40f3b145fbde3c73bdd17d831	20150209-pm11-boatliteracy	audio_auto	audio_auto/2_b99feeb38be53d1090f6022b770ddee1_20150209-pm11-boatliteracy	9
2_b99feeb38be53d1090f6022b770ddee1	adelaide fringe festival	d68f915b452f6a17135b5b7e480d5cab	20150219-am09-goatyear	audio_auto	audio_auto/2_b99feeb38be53d1090f6022b770ddee1_20150219-am09-goatyear	10
0_d1f9529b34d64e348705f0f0b9a30d10	aboriginal women died police custody	d1f9529b34d64e348705f0f0b9a30d10	20130204-twt10-inquestdelay	audio_auto	audio_auto/0_d1f9529b34d64e348705f0f0b9a30d10_20130204-twt10-inquestdelay	1
0_d1f9529b34d64e348705f0f0b9a30d10	aboriginal women died police custody	394616085a082e32bfef5f53584ce677	20142023-pm07-deathrally	audio_auto	audio_auto/0_d1f9529b34d64e348705f0f0b9a30d10_20142023-pm07-deathrally	2
0_d1f9529b34d64e348705f0f0b9a30d10	aboriginal women died police custody	d7d949b64821f63f9fc791ea2762b39	20141114-pm03-g20rallyrpl	audio_auto	audio_auto/0_d1f9529b34d64e348705f0f0b9a30d10_20141114-pm03-g20rallyrpl	3
0_d1f9529b34d64e348705f0f0b9a30d10	aboriginal women died police custody	bd6b2cc11d7606038c41d6fdcb681a18	20141209-rnpm06-tangcoroners	audio_auto	audio_auto/0_d1f9529b34d64e348705f0f0b9a30d10_20141209-rnpm06-tangcoroners	4
0_d1f9529b34d64e348705f0f0b9a30d10	aboriginal women died police custody	1dfc566872139b30d110c603a3924f8e	20141023-rnam06-wadeathupdate	audio_auto	audio_auto/0_d1f9529b34d64e348705f0f0b9a30d10_20141023-rnam06-wadeathupdate	5
0_d1f9529b34d64e348705f0f0b9a30d10	aboriginal women died police custody	8aa280c237301adc3598bfe1628d60a5	20141016-pm10-dvresponse	audio_auto	audio_auto/0_d1f9529b34d64e348705f0f0b9a30d10_20141016-pm10-dvresponse	6
0_d1f9529b34d64e348705f0f0b9a30d10	aboriginal women died police custody	4f6aa5f61da19e7443b774dff439f999	20150202-twt11-racefixing	audio_auto	audio_auto/0_d1f9529b34d64e348705f0f0b9a30d10_20150202-twt11-racefixing	7
0_d1f9529b34d64e348705f0f0b9a30d10	aboriginal women died police custody	f1b3ad0f151ab693f2124926825c5626	20141104-pm09-dvjail	audio_auto	audio_auto/0_d1f9529b34d64e348705f0f0b9a30d10_20141104-pm09-dvjail	8
0_d1f9529b34d64e348705f0f0b9a30d10	aboriginal women died police custody	77006aa1d595f8ce92d17b606c7c0efd	20141119-twt08-palmisland	audio_auto	audio_auto/0_d1f9529b34d64e348705f0f0b9a30d10_20141119-twt08-palmisland	9
0_d1f9529b34d64e348705f0f0b9a30d10	aboriginal women died police custody	377ea775a22d2aab929fbffe882e6fb	20141020-rnam04-bangladeshtrafficking	audio_auto	audio_auto/0_d1f9529b34d64e348705f0f0b9a30d10_20141020-rnam04-bangladeshtrafficking	10
1_d1395e9b76ef39fe30593feed32cf9c0	Germanwings Andreas Lubitz	96cca7b3653fcfc6ea0e38a7312331e0	20150327-eam01-crashshock	audio_auto	audio_auto/1_d1395e9b76ef39fe30593feed32cf9c0_20150327-eam01-crashshock	1
1_d1395e9b76ef39fe30593feed32cf9c0	Germanwings Andreas Lubitz	e0881a36f97af892cb7017774ce3642d	20150328-sam0102-crashpilotgermanpilot	audio_auto	audio_auto/1_d1395e9b76ef39fe30593feed32cf9c0_20150328-sam0102-crashpilotgermanpilot	2
1_d1395e9b76ef39fe30593feed32cf9c0	Germanwings Andreas Lubitz	d1395e9b76ef39fe30593feed32cf9c0	20150327-twt01-pilotprofile	audio_auto	audio_auto/1_d1395e9b76ef39fe30593feed32cf9c0_20150327-twt01-pilotprofile	3
1_d1395e9b76ef39fe30593feed32cf9c0	Germanwings Andreas Lubitz	3609d9f13622e227b9ed3cc159fabd01	20150331-eam01-suicidelubitz	audio_auto	audio_auto/1_d1395e9b76ef39fe30593feed32cf9c0_20150331-eam01-suicidelubitz	4
1_d1395e9b76ef39fe30593feed32cf9c0	Germanwings Andreas Lubitz	5ad5c88cd31bb3cf23120310f0cf08c5	20150325-twt01-alpscrash	audio_auto	audio_auto/1_d1395e9b76ef39fe30593feed32cf9c0_20150325-twt01-alpscrash	5
1_d1395e9b76ef39fe30593feed32cf9c0	Germanwings Andreas Lubitz	20397cc62952c9159306b287d0ca21ea	20150327-rnam02-planefollow	audio_auto	audio_auto/1_d1395e9b76ef39fe30593feed32cf9c0_20150327-rnam02-planefollow	6
1_d1395e9b76ef39fe30593feed32cf9c0	Germanwings Andreas Lubitz	d332522cecfd5549d3da262fea416359	20150326-twt03-germanwingcrash	audio_auto	audio_auto/1_d1395e9b76ef39fe30593feed32cf9c0_20150326-twt03-germanwingcrash	7
1_d1395e9b76ef39fe30593feed32cf9c0	Germanwings Andreas Lubitz	5a47da0affb63552080939e18578136b	20150225-am01-patrickmclureiv	audio_auto	audio_auto/1_d1395e9b76ef39fe30593feed32cf9c0_20150225-am01-patrickmclureiv	8
1_d1395e9b76ef39fe30593feed32cf9c0	Germanwings Andreas Lubitz	c53d7b5a21869cf4b008981173b8f4fa	20141010-rnam02-kobane	audio_auto	audio_auto/1_d1395e9b76ef39fe30593feed32cf9c0_20141010-rnam02-kobane	9
1_d1395e9b76ef39fe30593feed32cf9c0	Germanwings Andreas Lubitz	b7bb6c2af90ae4fafd373131cf4fb5a5	20150311-twt01-pearsoniv	audio_auto	audio_auto/1_d1395e9b76ef39fe30593feed32cf9c0_20150311-twt01-pearsoniv	10
0_e7a6840bd6e9e54811331e097a55e9d0	cuba americare-establishing diplomatic relations	bd0cb5b53450601e053f7ec3943b5b10	20141218-pm04cubalibre	audio_auto	audio_auto/0_e7a6840bd6e9e54811331e097a55e9d0_20141218-pm04cubalibre	1
0_e7a6840bd6e9e54811331e097a55e9d0	cuba americare-establishing diplomatic relations	e7a6840bd6e9e54811331e097a55e9d0	20141218-twt05-yanquishavana	audio_auto	audio_auto/0_e7a6840bd6e9e54811331e097a55e9d0_20141218-twt05-yanquishavana	2
0_e7a6840bd6e9e54811331e097a55e9d0	cuba americare-establishing diplomatic relations	cb9125cdd6b8a8c2d84a6ef987ee44fe	20141218-twt06-henkencuba	audio_auto	audio_auto/0_e7a6840bd6e9e54811331e097a55e9d0_20141218-twt06-henkencuba	3
0_e7a6840bd6e9e54811331e097a55e9d0	cuba americare-establishing diplomatic relations	620bd778f2498fa9606bf5ee7f656f7e	20141017-twt09-colomboplan	audio_auto	audio_auto/0_e7a6840bd6e9e54811331e097a55e9d0_20141017-twt09-colomboplan	4
0_e7a6840bd6e9e54811331e097a55e9d0	cuba americare-establishing diplomatic relations	4b59c460b8d9cac6bebeb93667d9c8eb	20141218-am06-cubaobamarpl	audio_auto	audio_auto/0_e7a6840bd6e9e54811331e097a55e9d0_20141218-am06-cubaobamarpl	5
0_e7a6840bd6e9e54811331e097a55e9d0	cuba americare-establishing diplomatic relations	9d0e3228ca85ffd54cd7beed6f890a42	20141028-twt08-alcoholsummit	audio_auto	audio_auto/0_e7a6840bd6e9e54811331e097a55e9d0_20141028-twt08-alcoholsummit	6
0_e7a6840bd6e9e54811331e097a55e9d0	cuba americare-establishing diplomatic relations	428968f4f9fac039e78590f657be824	20141014-pm01-russian-response	audio_auto	audio_auto/0_e7a6840bd6e9e54811331e097a55e9d0_20141014-pm01-russian-response	7
0_e7a6840bd6e9e54811331e097a55e9d0	cuba americare-establishing diplomatic relations	30343491a77fec6c2bfdc6311b49ec8e	20141027-pm10-chocolatememory	audio_auto	audio_auto/0_e7a6840bd6e9e54811331e097a55e9d0_20141027-pm10-chocolatememory	8
0_e7a6840bd6e9e54811331e097a55e9d0	cuba americare-establishing diplomatic relations	bc3e4fc2f317ca3a0e7e6b82c3e35f8a	20141021-pm07-goughchina	audio_auto	audio_auto/0_e7a6840bd6e9e54811331e097a55e9d0_20141021-pm07-goughchina	9
0_e7a6840bd6e9e54811331e097a55e9d0	cuba americare-establishing diplomatic relations	84146008f319a77e2af01652f7f291cc	20141002-twt01-IRAQMISSION	audio_auto	audio_auto/0_e7a6840bd6e9e54811331e097a55e9d0_20141002-twt01-IRAQMISSION	10
3_e2785af27cc60248f882022fe3e474a0	protest vote against gold company executive pay	e2785af27cc60248f882022fe3e474a0	20141031-pm05-newcrestvote	audio_auto	audio_auto/3_e2785af27cc60248f882022fe3e474a0_20141031-pm05-newcrestvote	1
3_e2785af27cc60248f882022fe3e474a0	protest vote against gold company executive pay	175a0db11811a6174e948556f6f28755	20150212-twt07-telstraprofit	audio_auto	audio_auto/3_e2785af27cc60248f882022fe3e474a0_20150212-twt07-telstraprofit	2
3_e2785af27cc60248f882022fe3e474a0	protest vote against gold company executive pay	a91cc837d5752577939e1b5263c013e3	20150313-twt04-iinettakeover	audio_auto	audio_auto/3_e2785af27cc60248f882022fe3e474a0_20150313-twt04-iinettakeover	3
3_e2785af27cc60248f882022fe3e474a0	protest vote against gold company executive pay	db76235fcc7f2f122b179e02e8ddf3c	am20141107-am-lambieRPL	audio_auto	audio_auto/3_e2785af27cc60248f882022fe3e474a0_am20141107-am-lambieRPL	4
3_e2785af27cc60248f882022fe3e474a0	protest vote against gold company executive pay	1039d3373d4620ff89395aff7b89ad5	20141107-pm4-lambiebreakout	audio_auto	audio_auto/3_e2785af27cc60248f882022fe3e474a0_20141107-pm4-lambiebreakout	5
3_e2785af27cc60248f882022fe3e474a0	protest vote against gold company executive pay	5e90cf809e5c33a796cd430ab1d4436e	20141017-pm10-tvstreaming	audio_auto	audio_auto/3_e2785af27cc60248f882022fe3e474a0_20141017-pm10-tvstreaming	6
3_e2785af27cc60248f882022fe3e474a0	protest vote against gold company executive pay	2095d9273cb8b1a7f63312afb5648df8	20141028-am07-africabribes	audio_auto	audio_auto/3_e2785af27cc60248f882022fe3e474a0_20141028-am07-africabribes	7
3_e2785af27cc60248f882022fe3e474a0	protest vote against gold company executive pay	8489485299f98373826720e4e8f80170	20141107-twt01-lambieagain	audio_auto	audio_auto/3_e2785af27cc60248f882022fe3e474a0_20141107-twt01-lambieagain	8
3_e2785af27cc60248f882022fe3e474a0	protest vote against gold company executive pay	1cfeca466a4626cbe45a9cf43b8c87de	20141128-twt07-googlebreakup	audio_auto	audio_auto/3_e2785af27cc60248f882022fe3e474a0_20141128-twt07-googlebreakup	9
3_e2785af27cc60248f882022fe3e474a0	protest vote against gold company executive pay	e2705b00978d3215490492e3921d36d2	20141015-pm05-techeggs	audio_auto	audio_auto/3_e2785af27cc60248f882022fe3e474a0_20141015-pm05-techeggs	10
3_ee574969e572723d870fa773dc11dad3	trade union royal commission report released Gillard CFMEU	a35d320258f3cecf94fb65c55a439a5d	20141220-am07-cfmeu	audio_auto	audio_auto/3_ee574969e572723d870fa773dc11dad3_20141220-am07-cfmeu	1
3_ee574969e572723d870fa773dc11dad3	trade union royal commission report released Gillard CFMEU	2a3f38cb03ec0dfbcffe210013862258	20141031-pm01-rplcunionstaskforce	audio_auto	audio_auto/3_ee574969e572723d870fa773dc11dad3_20141031-pm01-rplcunionstaskforce	2
3_ee574969e572723d870fa773dc11dad3	trade union royal commission report released Gillard CFMEU	6d0f60c8a5815e0a714931bc4cae84ce	20141219-pm04-commissionfollow	audio_auto	audio_auto/3_ee574969e572723d870fa773dc11dad3_20141219-pm04-commissionfollow	3
3_ee574969e572723d870fa773dc11dad3	trade union royal commission report released Gillard CFMEU	ee574969e572723d870fa773dc11dad3	20141219-twt08-unioncommissionrpl	audio_auto	audio_auto/3_ee574969e572723d870fa773dc11dad3_20141219-twt08-unioncommissionrpl	4
3_ee574969e572723d870fa773dc11dad3	trade union royal commission report released Gillard CFMEU	2fb5e2affb90eae4a57febcfe4e7c892	20141017-pm05-bigjim	audio_auto	audio_auto/3_ee574969e572723d870fa773dc11dad3_20141017-pm05-bigjim	5
3_ee574969e572723d870fa773dc11dad3	trade union royal commission report released Gillard CFMEU	21ea15b1aab631ca3a349609299045d3	20141101-sam02-unionfallout	audio_auto	audio_auto/3_ee574969e572723d870fa773dc11dad3_20141101-sam02-unionfallout	6
3_ee574969e572723d870fa773dc11dad3	trade union royal commission report released Gillard CFMEU	fe66eead0455fc7fb9a63cd3176ace2f	20141007-pm02-commissionextended	audio_auto	audio_auto/3_ee574969e572723d870fa773dc11dad3_20141007-pm02-commissionextended	7
3_ee574969e572723d870fa773dc11dad3	trade union royal commission report released Gillard CFMEU	2329913dac2f8b9b242d50321ed1bbc7	20141219-twt09-actureax	audio_auto	audio_auto/3_ee574969e572723d870fa773dc11dad3_20141219-twt09-actureax	8
3_ee574969e572723d870fa773dc11dad3	trade union royal commission report released Gillard CFMEU	ba34e86a5afc38bf1ab10f7a20c1bce4	20141008-rnam03-brandiscommision	audio_auto	audio_auto/3_ee574969e572723d870fa773dc11dad3_20141008-rnam03-brandiscommision	9
3_ee574969e572723d870fa773dc11dad3	trade union royal commission report released Gillard CFMEU	9f008f4164a7857ef788c24d4ec91a36	20150212-eam01-kidsdetention	audio_auto	audio_auto/3_ee574969e572723d870fa773dc11dad3_20150212-eam01-kidsdetention	10