query_id	query	doc_id	audio_filename	summary_type	audio_summary_filename	rank
1_1dcec3da32a806e23dc1c7fb92808ab1	Children in immigration detention centers australia	1dcec3da32a806e23dc1c7fb92808ab1	20141128-twt03-childdetentionlive	audio_manual	audio_manual/1_1dcec3da32a806e23dc1c7fb92808ab1_20141128-twt03-childdetentionlive	1
1_1dcec3da32a806e23dc1c7fb92808ab1	Children in immigration detention centers australia	f8d8a7f6b45151cb637a11c876044727	20150212-am02-morrison	audio_manual	audio_manual/1_1dcec3da32a806e23dc1c7fb92808ab1_20150212-am02-morrison	2
1_1dcec3da32a806e23dc1c7fb92808ab1	Children in immigration detention centers australia	e0fbd62289cecb6eed2c7b51cde4f777	20150212-pm04-childrendetention	audio_manual	audio_manual/1_1dcec3da32a806e23dc1c7fb92808ab1_20150212-pm04-childrendetention	3
1_1dcec3da32a806e23dc1c7fb92808ab1	Children in immigration detention centers australia	2b0b018508fae2130ddb3ebf675b08db	150320-pm05-mossreview	audio_manual	audio_manual/1_1dcec3da32a806e23dc1c7fb92808ab1_150320-pm05-mossreview	4
1_1dcec3da32a806e23dc1c7fb92808ab1	Children in immigration detention centers australia	62fde5590b79c0e253a43949a0245753	20150224-eam02-childrenindetention	audio_manual	audio_manual/1_1dcec3da32a806e23dc1c7fb92808ab1_20150224-eam02-childrenindetention	5
1_1dcec3da32a806e23dc1c7fb92808ab1	Children in immigration detention centers australia	cc32eb4316f84a73f4da4caa12fe4783	20150325-pm02-nauruinquiry	audio_manual	audio_manual/1_1dcec3da32a806e23dc1c7fb92808ab1_20150325-pm02-nauruinquiry	6
1_1dcec3da32a806e23dc1c7fb92808ab1	Children in immigration detention centers australia	9f008f4164a7857ef788c24d4ec91a36	20150212-eam01-kidsdetention	audio_manual	audio_manual/1_1dcec3da32a806e23dc1c7fb92808ab1_20150212-eam01-kidsdetention	7
1_1dcec3da32a806e23dc1c7fb92808ab1	Children in immigration detention centers australia	70ac5db2126dd9f89ab18e7539a73b22	20141111-twt02-detentionteam	audio_manual	audio_manual/1_1dcec3da32a806e23dc1c7fb92808ab1_20141111-twt02-detentionteam	8
1_1dcec3da32a806e23dc1c7fb92808ab1	Children in immigration detention centers australia	f5868fb358f8e0c1fed9e32374f7bbe4	20141003-twt01-nauruallegations	audio_manual	audio_manual/1_1dcec3da32a806e23dc1c7fb92808ab1_20141003-twt01-nauruallegations	9
1_1dcec3da32a806e23dc1c7fb92808ab1	Children in immigration detention centers australia	49a8c6025a77d0a8accac0e8677219a9	20150212-twt04-nauruchildren	audio_manual	audio_manual/1_1dcec3da32a806e23dc1c7fb92808ab1_20150212-twt04-nauruchildren	10
1_1f3c8f2a57677551eadb2a62706e768a	Inflamatory deseases university of queensland treatment breakthrough	4688d506eea6bfac8b54572c9ec02149	20141029-eam03-koalarescue	audio_manual	audio_manual/1_1f3c8f2a57677551eadb2a62706e768a_20141029-eam03-koalarescue	1
1_1f3c8f2a57677551eadb2a62706e768a	Inflamatory deseases university of queensland treatment breakthrough	1f3c8f2a57677551eadb2a62706e768a	20150217-am09-qldresearch	audio_manual	audio_manual/1_1f3c8f2a57677551eadb2a62706e768a_20150217-am09-qldresearch	2
1_1f3c8f2a57677551eadb2a62706e768a	Inflamatory deseases university of queensland treatment breakthrough	22f78bcb4675120a50ea7edf23bc77f	20141126-am06-soldiersaver	audio_manual	audio_manual/1_1f3c8f2a57677551eadb2a62706e768a_20141126-am06-soldiersaver	3
1_1f3c8f2a57677551eadb2a62706e768a	Inflamatory deseases university of queensland treatment breakthrough	46d7f7c71b7b69231761251f905e7781	20150203-twt09breastcancer	audio_manual	audio_manual/1_1f3c8f2a57677551eadb2a62706e768a_20150203-twt09breastcancer	4
1_1f3c8f2a57677551eadb2a62706e768a	Inflamatory deseases university of queensland treatment breakthrough	64396859ae0580d9218bdc487c9d9085	20141111-twt09-sarcomastudy	audio_manual	audio_manual/1_1f3c8f2a57677551eadb2a62706e768a_20141111-twt09-sarcomastudy	5
1_1f3c8f2a57677551eadb2a62706e768a	Inflamatory deseases university of queensland treatment breakthrough	2b739bcc1aad5094324f6b38f05c0cfb	20150223-rnam06-strokeresearch	audio_manual	audio_manual/1_1f3c8f2a57677551eadb2a62706e768a_20150223-rnam06-strokeresearch	6
1_1f3c8f2a57677551eadb2a62706e768a	Inflamatory deseases university of queensland treatment breakthrough	e6eac228d679e95e8d7cf63f2de8e3db	20150325-pm05-ketaminclinic	audio_manual	audio_manual/1_1f3c8f2a57677551eadb2a62706e768a_20150325-pm05-ketaminclinic	7
1_1f3c8f2a57677551eadb2a62706e768a	Inflamatory deseases university of queensland treatment breakthrough	6827bc72f81ebc4308954f60073e435d	20141104-twt11-antiageing	audio_manual	audio_manual/1_1f3c8f2a57677551eadb2a62706e768a_20141104-twt11-antiageing	8
1_1f3c8f2a57677551eadb2a62706e768a	Inflamatory deseases university of queensland treatment breakthrough	45ec66b6510edacf5fbc1cfeea2bcc2f	20141024-twt04-cancertrials	audio_manual	audio_manual/1_1f3c8f2a57677551eadb2a62706e768a_20141024-twt04-cancertrials	9
1_1f3c8f2a57677551eadb2a62706e768a	Inflamatory deseases university of queensland treatment breakthrough	2265d9a818723967e4f6fe7fe8ece2d7	20150226-twt09-cancergenome	audio_manual	audio_manual/1_1f3c8f2a57677551eadb2a62706e768a_20150226-twt09-cancergenome	10
0_2ba16bc943e4fe8c05c2f1482f17e296	child sex abuse sydney school	9576426f6cc2f5c27705eedf92b1a895	20150212-pm06-roycommthurs	audio_manual	audio_manual/0_2ba16bc943e4fe8c05c2f1482f17e296_20150212-pm06-roycommthurs	1
0_2ba16bc943e4fe8c05c2f1482f17e296	child sex abuse sydney school	634142628a63309e9c2d0e4719446d10	20150226-twt08-schookidssafety	audio_manual	audio_manual/0_2ba16bc943e4fe8c05c2f1482f17e296_20150226-twt08-schookidssafety	2
0_2ba16bc943e4fe8c05c2f1482f17e296	child sex abuse sydney school	ff5b12051ff7dbfef9bd9dc73fd27b4d	20141121-pm04-frihutchins	audio_manual	audio_manual/0_2ba16bc943e4fe8c05c2f1482f17e296_20141121-pm04-frihutchins	3
0_2ba16bc943e4fe8c05c2f1482f17e296	child sex abuse sydney school	e132e3eaddf44c621f2423b2dbf52fa7	20150206-pm09-rcyeshivah	audio_manual	audio_manual/0_2ba16bc943e4fe8c05c2f1482f17e296_20150206-pm09-rcyeshivah	4
0_2ba16bc943e4fe8c05c2f1482f17e296	child sex abuse sydney school	2ba16bc943e4fe8c05c2f1482f17e296	20150223-twt04-rcknoxgrammar	audio_manual	audio_manual/0_2ba16bc943e4fe8c05c2f1482f17e296_20150223-twt04-rcknoxgrammar	5
0_2ba16bc943e4fe8c05c2f1482f17e296	child sex abuse sydney school	1a586a9991812e2e6d296774f4a27975	20150211-twt08-roycomcross	audio_manual	audio_manual/0_2ba16bc943e4fe8c05c2f1482f17e296_20150211-twt08-roycomcross	6
0_2ba16bc943e4fe8c05c2f1482f17e296	child sex abuse sydney school	64a46e63773fbe453cd8e6ab04dca690	20150203-pm09-rcyeshivatues	audio_manual	audio_manual/0_2ba16bc943e4fe8c05c2f1482f17e296_20150203-pm09-rcyeshivatues	7
0_2ba16bc943e4fe8c05c2f1482f17e296	child sex abuse sydney school	354fdc5240315ea682eeaf0829aefa60	20150226-twt07-hutchinsabuse	audio_manual	audio_manual/0_2ba16bc943e4fe8c05c2f1482f17e296_20150226-twt07-hutchinsabuse	8
0_2ba16bc943e4fe8c05c2f1482f17e296	child sex abuse sydney school	416557b316809d63b1dbd6c121a1fcec	20150202-am07-yeshivahrpl	audio_manual	audio_manual/0_2ba16bc943e4fe8c05c2f1482f17e296_20150202-am07-yeshivahrpl	9
0_2ba16bc943e4fe8c05c2f1482f17e296	child sex abuse sydney school	8835020764dfe271dd4d3a2c809fc7e9	20150226-twt06-rcknoxthurs	audio_manual	audio_manual/0_2ba16bc943e4fe8c05c2f1482f17e296_20150226-twt06-rcknoxthurs	10
1_2f21ea19d64dee2c5e77aa22673f9428	IS extremists Kobane US airstrikes	c6b446565d5e8b6121846784c8d12c51	20141008-twt02-shanahaniv	audio_manual	audio_manual/1_2f21ea19d64dee2c5e77aa22673f9428_20141008-twt02-shanahaniv	1
1_2f21ea19d64dee2c5e77aa22673f9428	IS extremists Kobane US airstrikes	2f21ea19d64dee2c5e77aa22673f9428	20141008-eam03-kobanefight	audio_manual	audio_manual/1_2f21ea19d64dee2c5e77aa22673f9428_20141008-eam03-kobanefight	2
1_2f21ea19d64dee2c5e77aa22673f9428	IS extremists Kobane US airstrikes	b08cac521a04942210722dc71e0aee5c	20141008-pm05-kobaneturkey	audio_manual	audio_manual/1_2f21ea19d64dee2c5e77aa22673f9428_20141008-pm05-kobaneturkey	3
1_2f21ea19d64dee2c5e77aa22673f9428	IS extremists Kobane US airstrikes	53f3dce0fa6dc131687c942d23a12351	20141009-eam02-kobanekerry	audio_manual	audio_manual/1_2f21ea19d64dee2c5e77aa22673f9428_20141009-eam02-kobanekerry	4
1_2f21ea19d64dee2c5e77aa22673f9428	IS extremists Kobane US airstrikes	c53d7b5a21869cf4b008981173b8f4fa	20141010-rnam02-kobane	audio_manual	audio_manual/1_2f21ea19d64dee2c5e77aa22673f9428_20141010-rnam02-kobane	5
1_2f21ea19d64dee2c5e77aa22673f9428	IS extremists Kobane US airstrikes	f5de72dfddfb4087be9eb2a33bfba13e	20150217-rnam04-libyaegypt	audio_manual	audio_manual/1_2f21ea19d64dee2c5e77aa22673f9428_20150217-rnam04-libyaegypt	6
1_2f21ea19d64dee2c5e77aa22673f9428	IS extremists Kobane US airstrikes	ede1964e9b965af1bde0b28c283fe040	20141011-am04-kobaneenvoy	audio_manual	audio_manual/1_2f21ea19d64dee2c5e77aa22673f9428_20141011-am04-kobaneenvoy	7
1_2f21ea19d64dee2c5e77aa22673f9428	IS extremists Kobane US airstrikes	256c40bc747cb2b64225d65e38706b8f	20141021-eam03-turkeyborder	audio_manual	audio_manual/1_2f21ea19d64dee2c5e77aa22673f9428_20141021-eam03-turkeyborder	8
1_2f21ea19d64dee2c5e77aa22673f9428	IS extremists Kobane US airstrikes	e32194d49bb25bba6a11fab1a81b5edc	20141203-twt08-isiupdate	audio_manual	audio_manual/1_2f21ea19d64dee2c5e77aa22673f9428_20141203-twt08-isiupdate	9
1_2f21ea19d64dee2c5e77aa22673f9428	IS extremists Kobane US airstrikes	e7658151a0468cbd28ff97e6f09960f	20141114-twt10-yaxleycross	audio_manual	audio_manual/1_2f21ea19d64dee2c5e77aa22673f9428_20141114-twt10-yaxleycross	10
2_3c90486a6cc8f8b523149fd3d9e88a13	labour plan to build submarines in australia	3c90486a6cc8f8b523149fd3d9e88a13	20150325-pm06-subsreax	audio_manual	audio_manual/2_3c90486a6cc8f8b523149fd3d9e88a13_20150325-pm06-subsreax	1
2_3c90486a6cc8f8b523149fd3d9e88a13	labour plan to build submarines in australia	c001344263e621a337d591d351455dbd	20150325-rnam03-pennywongiv	audio_manual	audio_manual/2_3c90486a6cc8f8b523149fd3d9e88a13_20150325-rnam03-pennywongiv	2
2_3c90486a6cc8f8b523149fd3d9e88a13	labour plan to build submarines in australia	8811802cd2ba2a8432aaa9a9733762b7	20150325-am02-subssummit	audio_manual	audio_manual/2_3c90486a6cc8f8b523149fd3d9e88a13_20150325-am02-subssummit	3
2_3c90486a6cc8f8b523149fd3d9e88a13	labour plan to build submarines in australia	9f7c2a5661428d1e6c8c01bda2769b89	20141024-am08-germansubmarines	audio_manual	audio_manual/2_3c90486a6cc8f8b523149fd3d9e88a13_20141024-am08-germansubmarines	4
2_3c90486a6cc8f8b523149fd3d9e88a13	labour plan to build submarines in australia	9324b046045dd4a81e4167de0dd3db34	20150210-pm03-subsconfusion	audio_manual	audio_manual/2_3c90486a6cc8f8b523149fd3d9e88a13_20150210-pm03-subsconfusion	5
2_3c90486a6cc8f8b523149fd3d9e88a13	labour plan to build submarines in australia	c5e9443126f1fa524250dcfbdbf3f8df	20150325-twt06-subsplan	audio_manual	audio_manual/2_3c90486a6cc8f8b523149fd3d9e88a13_20150325-twt06-subsplan	6
2_3c90486a6cc8f8b523149fd3d9e88a13	labour plan to build submarines in australia	f906ad0c03adb3fc7226ed33861546da	20141015-pm08-subrethink	audio_manual	audio_manual/2_3c90486a6cc8f8b523149fd3d9e88a13_20141015-pm08-subrethink	7
2_3c90486a6cc8f8b523149fd3d9e88a13	labour plan to build submarines in australia	fd16d9f726395c60b729970d7efb6127	20150327-pm10-subspromise	audio_manual	audio_manual/2_3c90486a6cc8f8b523149fd3d9e88a13_20150327-pm10-subspromise	8
2_3c90486a6cc8f8b523149fd3d9e88a13	labour plan to build submarines in australia	7eed5382b7e89edae73db5109b752874	20150217-pm02-emotivesubs	audio_manual	audio_manual/2_3c90486a6cc8f8b523149fd3d9e88a13_20150217-pm02-emotivesubs	9
2_3c90486a6cc8f8b523149fd3d9e88a13	labour plan to build submarines in australia	f581103f503c74f03de92b492d2c52d7	20141209-rnpm02-navalbuilds	audio_manual	audio_manual/2_3c90486a6cc8f8b523149fd3d9e88a13_20141209-rnpm02-navalbuilds	10
0_3e69b4a6bff5831acd32e4df4bc832f8	Renewable Energy Target	3e69b4a6bff5831acd32e4df4bc832f8	20150305-twt07-greghunt	audio_manual	audio_manual/0_3e69b4a6bff5831acd32e4df4bc832f8_20150305-twt07-greghunt	1
0_3e69b4a6bff5831acd32e4df4bc832f8	Renewable Energy Target	e65198fd85e6e8c86a773697720461e6	20141112-eam01-retimpasse	audio_manual	audio_manual/0_3e69b4a6bff5831acd32e4df4bc832f8_20141112-eam01-retimpasse	2
0_3e69b4a6bff5831acd32e4df4bc832f8	Renewable Energy Target	c1e72443002e643549068fcabc793a04	20150325-pm04-retprogress	audio_manual	audio_manual/0_3e69b4a6bff5831acd32e4df4bc832f8_20150325-pm04-retprogress	3
0_3e69b4a6bff5831acd32e4df4bc832f8	Renewable Energy Target	6ff6e3cc44cecde6106529e95b5f060e	20142022-pm01-rettalks	audio_manual	audio_manual/0_3e69b4a6bff5831acd32e4df4bc832f8_20142022-pm01-rettalks	4
0_3e69b4a6bff5831acd32e4df4bc832f8	Renewable Energy Target	8fe1253dd43d8549a730579b7a3193eb	20141212-pm05-hydroret	audio_manual	audio_manual/0_3e69b4a6bff5831acd32e4df4bc832f8_20141212-pm05-hydroret	5
0_3e69b4a6bff5831acd32e4df4bc832f8	Renewable Energy Target	16d8e5939ccf6a787ef08276a1b82151	20141202-twt09-solarfarm	audio_manual	audio_manual/0_3e69b4a6bff5831acd32e4df4bc832f8_20141202-twt09-solarfarm	6
0_3e69b4a6bff5831acd32e4df4bc832f8	Renewable Energy Target	6a4717acce005c8f2b97ac9ed2ab66ef	20150224-twt10-cheapsolar	audio_manual	audio_manual/0_3e69b4a6bff5831acd32e4df4bc832f8_20150224-twt10-cheapsolar	7
0_3e69b4a6bff5831acd32e4df4bc832f8	Renewable Energy Target	51f25b6fadf0e8ce964a15b694121025	20141112-twt03-retreax	audio_manual	audio_manual/0_3e69b4a6bff5831acd32e4df4bc832f8_20141112-twt03-retreax	8
0_3e69b4a6bff5831acd32e4df4bc832f8	Renewable Energy Target	e6efe2e5f276b43ce346b08ddd68d3e7	20150309-twt11-retreax	audio_manual	audio_manual/0_3e69b4a6bff5831acd32e4df4bc832f8_20150309-twt11-retreax	9
0_3e69b4a6bff5831acd32e4df4bc832f8	Renewable Energy Target	546272d1231fc8b35a65e0613c21f1b3	20150305-pm07-rettalks	audio_manual	audio_manual/0_3e69b4a6bff5831acd32e4df4bc832f8_20150305-pm07-rettalks	10
1_3e6468dbb1bbf5e22f90212239645c57	Sex abuse New Sounth Wales ashram	3e6468dbb1bbf5e22f90212239645c57	20141203-pm07-yogasisters	audio_manual	audio_manual/1_3e6468dbb1bbf5e22f90212239645c57_20141203-pm07-yogasisters	11
1_3e6468dbb1bbf5e22f90212239645c57	Sex abuse New Sounth Wales ashram	7e622823920517beb958f2b23f5c4b59	20141208-twt06-yogaconsent	audio_manual	audio_manual/1_3e6468dbb1bbf5e22f90212239645c57_20141208-twt06-yogaconsent	12
1_3e6468dbb1bbf5e22f90212239645c57	Sex abuse New Sounth Wales ashram	e132e3eaddf44c621f2423b2dbf52fa7	20150206-pm09-rcyeshivah	audio_manual	audio_manual/1_3e6468dbb1bbf5e22f90212239645c57_20150206-pm09-rcyeshivah	13
1_3e6468dbb1bbf5e22f90212239645c57	Sex abuse New Sounth Wales ashram	c5f92a6e32e73b8ec9bde7807715b1ef	20150318-pm03-fosterwednesday	audio_manual	audio_manual/1_3e6468dbb1bbf5e22f90212239645c57_20150318-pm03-fosterwednesday	14
1_3e6468dbb1bbf5e22f90212239645c57	Sex abuse New Sounth Wales ashram	223026c9fa8c1e5ce6d891c9413ccdb6	20141202-twt04-rcyogadayone	audio_manual	audio_manual/1_3e6468dbb1bbf5e22f90212239645c57_20141202-twt04-rcyogadayone	15
1_3e6468dbb1bbf5e22f90212239645c57	Sex abuse New Sounth Wales ashram	3ec4c17922a9c90150e57ecd7cc86dae	20141022-twt06-royalbethcar	audio_manual	audio_manual/1_3e6468dbb1bbf5e22f90212239645c57_20141022-twt06-royalbethcar	16
1_3e6468dbb1bbf5e22f90212239645c57	Sex abuse New Sounth Wales ashram	8ba11a154ea14b78f78b0e548b37d68b	20141007-rnam03-hillsong	audio_manual	audio_manual/1_3e6468dbb1bbf5e22f90212239645c57_20141007-rnam03-hillsong	17
1_3e6468dbb1bbf5e22f90212239645c57	Sex abuse New Sounth Wales ashram	d7a11bc64c457303acce0b82d34c4c02	20141126-pm03-royalcommision	audio_manual	audio_manual/1_3e6468dbb1bbf5e22f90212239645c57_20141126-pm03-royalcommision	18
1_3e6468dbb1bbf5e22f90212239645c57	Sex abuse New Sounth Wales ashram	64a46e63773fbe453cd8e6ab04dca690	20150203-pm09-rcyeshivatues	audio_manual	audio_manual/1_3e6468dbb1bbf5e22f90212239645c57_20150203-pm09-rcyeshivatues	19
1_3e6468dbb1bbf5e22f90212239645c57	Sex abuse New Sounth Wales ashram	264467cf622315ee96e4b79e57c6914b	20150204-pm07-rcyeshivahwed	audio_manual	audio_manual/1_3e6468dbb1bbf5e22f90212239645c57_20150204-pm07-rcyeshivahwed	20
2_3ee5e8e7bc0f4c2631167f35a8f7d170	nanomaterials excluded in food standards	3ee5e8e7bc0f4c2631167f35a8f7d170	20141125-eam03-nanofoodpackaging	audio_manual	audio_manual/2_3ee5e8e7bc0f4c2631167f35a8f7d170_20141125-eam03-nanofoodpackaging	1
2_3ee5e8e7bc0f4c2631167f35a8f7d170	nanomaterials excluded in food standards	89c80d00bde87589aaa41c37f5eac59b	20150220-twt09-chinafood	audio_manual	audio_manual/2_3ee5e8e7bc0f4c2631167f35a8f7d170_20150220-twt09-chinafood	2
2_3ee5e8e7bc0f4c2631167f35a8f7d170	nanomaterials excluded in food standards	1cf2cd84cb896bd76c65cb8b5cdf5c93	20141128-rnam05-chickendisease	audio_manual	audio_manual/2_3ee5e8e7bc0f4c2631167f35a8f7d170_20141128-rnam05-chickendisease	3
2_3ee5e8e7bc0f4c2631167f35a8f7d170	nanomaterials excluded in food standards	3ae5a86d00c31934b710f220a3239e4d	20150302-twt04-supermarketcode	audio_manual	audio_manual/2_3ee5e8e7bc0f4c2631167f35a8f7d170_20150302-twt04-supermarketcode	4
2_3ee5e8e7bc0f4c2631167f35a8f7d170	nanomaterials excluded in food standards	e6999f2887ffaf54a3421248dc015ef3	20150216-twt09-berrysick	audio_manual	audio_manual/2_3ee5e8e7bc0f4c2631167f35a8f7d170_20150216-twt09-berrysick	5
2_3ee5e8e7bc0f4c2631167f35a8f7d170	nanomaterials excluded in food standards	409864b4ac6422f9b238505eedc63e80	20150320-twt07-boardingstandards	audio_manual	audio_manual/2_3ee5e8e7bc0f4c2631167f35a8f7d170_20150320-twt07-boardingstandards	6
2_3ee5e8e7bc0f4c2631167f35a8f7d170	nanomaterials excluded in food standards	c3ec597d9dfd2c3990b139349c1476c0	20150324-twt05-vanuatufood	audio_manual	audio_manual/2_3ee5e8e7bc0f4c2631167f35a8f7d170_20150324-twt05-vanuatufood	7
2_3ee5e8e7bc0f4c2631167f35a8f7d170	nanomaterials excluded in food standards	265f713aadbd29914334c988d735fea5	20141202-pm08-lockedout	audio_manual	audio_manual/2_3ee5e8e7bc0f4c2631167f35a8f7d170_20141202-pm08-lockedout	8
2_3ee5e8e7bc0f4c2631167f35a8f7d170	nanomaterials excluded in food standards	daca0c2aca1c4cba7bcddc2d9fe71cd4	20150227-am06-transfatlabelling	audio_manual	audio_manual/2_3ee5e8e7bc0f4c2631167f35a8f7d170_20150227-am06-transfatlabelling	9
2_3ee5e8e7bc0f4c2631167f35a8f7d170	nanomaterials excluded in food standards	35405756024a27bc9ca613ee99749950	20141016-twt04-hungerreport	audio_manual	audio_manual/2_3ee5e8e7bc0f4c2631167f35a8f7d170_20141016-twt04-hungerreport	10
3_4cdd91e175c06e0f6120020e018fe1c9	royal commission Hutchins child abuse	db8f6b102cf957f837e38bb4c3558	20141119-twt03-wedshutchins	audio_manual	audio_manual/3_4cdd91e175c06e0f6120020e018fe1c9_20141119-twt03-wedshutchins	1
3_4cdd91e175c06e0f6120020e018fe1c9	royal commission Hutchins child abuse	f8f8fdb1e47541b15c14e56d01f7a2fd	20141218-twt09-hutchinsbraveheart	audio_manual	audio_manual/3_4cdd91e175c06e0f6120020e018fe1c9_20141218-twt09-hutchinsbraveheart	2
3_4cdd91e175c06e0f6120020e018fe1c9	royal commission Hutchins child abuse	42299a1553c3580b77ff66e8ee0ae384	20141125-pm07-tueshutchins	audio_manual	audio_manual/3_4cdd91e175c06e0f6120020e018fe1c9_20141125-pm07-tueshutchins	3
3_4cdd91e175c06e0f6120020e018fe1c9	royal commission Hutchins child abuse	5c1368672a6fb71c7b3b9cb834283e0f	20141124-pm06-mondayhutchins	audio_manual	audio_manual/3_4cdd91e175c06e0f6120020e018fe1c9_20141124-pm06-mondayhutchins	4
3_4cdd91e175c06e0f6120020e018fe1c9	royal commission Hutchins child abuse	4cdd91e175c06e0f6120020e018fe1c9	20141119-pm07-wedsrc	audio_manual	audio_manual/3_4cdd91e175c06e0f6120020e018fe1c9_20141119-pm07-wedsrc	5
3_4cdd91e175c06e0f6120020e018fe1c9	royal commission Hutchins child abuse	ff5b12051ff7dbfef9bd9dc73fd27b4d	20141121-pm04-frihutchins	audio_manual	audio_manual/3_4cdd91e175c06e0f6120020e018fe1c9_20141121-pm04-frihutchins	6
3_4cdd91e175c06e0f6120020e018fe1c9	royal commission Hutchins child abuse	354fdc5240315ea682eeaf0829aefa60	20150226-twt07-hutchinsabuse	audio_manual	audio_manual/3_4cdd91e175c06e0f6120020e018fe1c9_20150226-twt07-hutchinsabuse	7
3_4cdd91e175c06e0f6120020e018fe1c9	royal commission Hutchins child abuse	498907e378a592d1d2231739f870bb88	20141120-pm04-thurshutchins	audio_manual	audio_manual/3_4cdd91e175c06e0f6120020e018fe1c9_20141120-pm04-thurshutchins	8
3_4cdd91e175c06e0f6120020e018fe1c9	royal commission Hutchins child abuse	2f6f521e4eecf2700a4b8926706a1d64	20141108-am05-rcvolkers	audio_manual	audio_manual/3_4cdd91e175c06e0f6120020e018fe1c9_20141108-am05-rcvolkers	9
3_4cdd91e175c06e0f6120020e018fe1c9	royal commission Hutchins child abuse	336fd0cf992d4a52fc3bfb46113abf0f	20150310-twt05-rcfosterabuse	audio_manual	audio_manual/3_4cdd91e175c06e0f6120020e018fe1c9_20150310-twt05-rcfosterabuse	10
3_4e07f7e70251876a3fe615d04eeae713	pro-democracy protests Hong Kong	62022fba315c2d7bf984d5047e32bf20	20141025-cr03-protestlife	audio_manual	audio_manual/3_4e07f7e70251876a3fe615d04eeae713_20141025-cr03-protestlife	1
3_4e07f7e70251876a3fe615d04eeae713	pro-democracy protests Hong Kong	c93686c4b63dffa55359bce84cf43e3f	20141001-twt04-hkprotestors	audio_manual	audio_manual/3_4e07f7e70251876a3fe615d04eeae713_20141001-twt04-hkprotestors	2
3_4e07f7e70251876a3fe615d04eeae713	pro-democracy protests Hong Kong	df6cd188b00bd6aa2c7efc44aa0b80ac	20141013-twt06-hkmonday	audio_manual	audio_manual/3_4e07f7e70251876a3fe615d04eeae713_20141013-twt06-hkmonday	3
3_4e07f7e70251876a3fe615d04eeae713	pro-democracy protests Hong Kong	1f6f797f9a4d01c89eb310b789581ebd	20141003-pm07-HKACELIVE	audio_manual	audio_manual/3_4e07f7e70251876a3fe615d04eeae713_20141003-pm07-HKACELIVE	4
3_4e07f7e70251876a3fe615d04eeae713	pro-democracy protests Hong Kong	496b7899c6dd1ad55dc3608da724e145	20141001-twt05-lockehk	audio_manual	audio_manual/3_4e07f7e70251876a3fe615d04eeae713_20141001-twt05-lockehk	5
3_4e07f7e70251876a3fe615d04eeae713	pro-democracy protests Hong Kong	7a9f9f57d1114596e375fa32bfc99db1	20141006-twt05-HKclarke	audio_manual	audio_manual/3_4e07f7e70251876a3fe615d04eeae713_20141006-twt05-HKclarke	6
3_4e07f7e70251876a3fe615d04eeae713	pro-democracy protests Hong Kong	ea9e492f882e0ed67d2e2249777f6982	20141006-pm08-hongkongmonday	audio_manual	audio_manual/3_4e07f7e70251876a3fe615d04eeae713_20141006-pm08-hongkongmonday	7
3_4e07f7e70251876a3fe615d04eeae713	pro-democracy protests Hong Kong	d20a7657a61f0ad3ddacaecbf2ffcc16	20141005-cr02-hongkong	audio_manual	audio_manual/3_4e07f7e70251876a3fe615d04eeae713_20141005-cr02-hongkong	8
3_4e07f7e70251876a3fe615d04eeae713	pro-democracy protests Hong Kong	ebca8d12659abac948a8e142353c24b6	20141201-twt06-honkongrepl	audio_manual	audio_manual/3_4e07f7e70251876a3fe615d04eeae713_20141201-twt06-honkongrepl	9
3_4e07f7e70251876a3fe615d04eeae713	pro-democracy protests Hong Kong	4e07f7e70251876a3fe615d04eeae713	20141003-am06-hongkongfriday	audio_manual	audio_manual/3_4e07f7e70251876a3fe615d04eeae713_20141003-am06-hongkongfriday	10
3_5c1368672a6fb71c7b3b9cb834283e0f	royal commission Hutchins child abuse apology Anglican church	db8f6b102cf957f837e38bb4c3558	20141119-twt03-wedshutchins	audio_manual	audio_manual/3_5c1368672a6fb71c7b3b9cb834283e0f_20141119-twt03-wedshutchins	1
3_5c1368672a6fb71c7b3b9cb834283e0f	royal commission Hutchins child abuse apology Anglican church	42299a1553c3580b77ff66e8ee0ae384	20141125-pm07-tueshutchins	audio_manual	audio_manual/3_5c1368672a6fb71c7b3b9cb834283e0f_20141125-pm07-tueshutchins	2
3_5c1368672a6fb71c7b3b9cb834283e0f	royal commission Hutchins child abuse apology Anglican church	5c1368672a6fb71c7b3b9cb834283e0f	20141124-pm06-mondayhutchins	audio_manual	audio_manual/3_5c1368672a6fb71c7b3b9cb834283e0f_20141124-pm06-mondayhutchins	3
3_5c1368672a6fb71c7b3b9cb834283e0f	royal commission Hutchins child abuse apology Anglican church	ff5b12051ff7dbfef9bd9dc73fd27b4d	20141121-pm04-frihutchins	audio_manual	audio_manual/3_5c1368672a6fb71c7b3b9cb834283e0f_20141121-pm04-frihutchins	4
3_5c1368672a6fb71c7b3b9cb834283e0f	royal commission Hutchins child abuse apology Anglican church	8ba11a154ea14b78f78b0e548b37d68b	20141007-rnam03-hillsong	audio_manual	audio_manual/3_5c1368672a6fb71c7b3b9cb834283e0f_20141007-rnam03-hillsong	5
3_5c1368672a6fb71c7b3b9cb834283e0f	royal commission Hutchins child abuse apology Anglican church	ae18611915271beab68a217cc1ca6afb	20141212-am03-priestclibacy	audio_manual	audio_manual/3_5c1368672a6fb71c7b3b9cb834283e0f_20141212-am03-priestclibacy	6
3_5c1368672a6fb71c7b3b9cb834283e0f	royal commission Hutchins child abuse apology Anglican church	f8f8fdb1e47541b15c14e56d01f7a2fd	20141218-twt09-hutchinsbraveheart	audio_manual	audio_manual/3_5c1368672a6fb71c7b3b9cb834283e0f_20141218-twt09-hutchinsbraveheart	7
3_5c1368672a6fb71c7b3b9cb834283e0f	royal commission Hutchins child abuse apology Anglican church	4cdd91e175c06e0f6120020e018fe1c9	20141119-pm07-wedsrc	audio_manual	audio_manual/3_5c1368672a6fb71c7b3b9cb834283e0f_20141119-pm07-wedsrc	8
3_5c1368672a6fb71c7b3b9cb834283e0f	royal commission Hutchins child abuse apology Anglican church	354fdc5240315ea682eeaf0829aefa60	20150226-twt07-hutchinsabuse	audio_manual	audio_manual/3_5c1368672a6fb71c7b3b9cb834283e0f_20150226-twt07-hutchinsabuse	9
3_5c1368672a6fb71c7b3b9cb834283e0f	royal commission Hutchins child abuse apology Anglican church	e44e18ab8ab0c63ae9ecf611bb44e1cd	20141008-twt09-hillsongpastor	audio_manual	audio_manual/3_5c1368672a6fb71c7b3b9cb834283e0f_20141008-twt09-hillsongpastor	10
2_5eec4e901afc3ba022af54baf7f17f26	financial dealing of west australian minister	5eec4e901afc3ba022af54baf7f17f26	20141204-pm07-nalderthursday	audio_manual	audio_manual/2_5eec4e901afc3ba022af54baf7f17f26_20141204-pm07-nalderthursday	111
2_5eec4e901afc3ba022af54baf7f17f26	financial dealing of west australian minister	314c5ac57014fd72a41380649dd77303	20141009pm-04-budgetstoush	audio_manual	audio_manual/2_5eec4e901afc3ba022af54baf7f17f26_20141009pm-04-budgetstoush	112
2_5eec4e901afc3ba022af54baf7f17f26	financial dealing of west australian minister	ae5cfd22a10d0aeb2890e9e5f7837a45	20141118-twt03-chineselabour	audio_manual	audio_manual/2_5eec4e901afc3ba022af54baf7f17f26_20141118-twt03-chineselabour	113
2_5eec4e901afc3ba022af54baf7f17f26	financial dealing of west australian minister	9b621325921e2a57dc747fd333ff1e1e	20150210-am02-bishopiv	audio_manual	audio_manual/2_5eec4e901afc3ba022af54baf7f17f26_20150210-am02-bishopiv	114
2_5eec4e901afc3ba022af54baf7f17f26	financial dealing of west australian minister	a9b1a7de308dd5c1b6d74561555c8ac1	20141117-am04-barnabyivf	audio_manual	audio_manual/2_5eec4e901afc3ba022af54baf7f17f26_20141117-am04-barnabyivf	115
2_5eec4e901afc3ba022af54baf7f17f26	financial dealing of west australian minister	dd7dbc8864008c2b610cdfbd465709d8	20141107-twt02-chinacattlereax	audio_manual	audio_manual/2_5eec4e901afc3ba022af54baf7f17f26_20141107-twt02-chinacattlereax	116
2_5eec4e901afc3ba022af54baf7f17f26	financial dealing of west australian minister	f69d40a8e76fce4c438677d80b810638	20141110-twt02-jameslaurenceson	audio_manual	audio_manual/2_5eec4e901afc3ba022af54baf7f17f26_20141110-twt02-jameslaurenceson	117
2_5eec4e901afc3ba022af54baf7f17f26	financial dealing of west australian minister	16bc18686c23b4a0b2d42238021d6465	20150324-pm05-businessreax	audio_manual	audio_manual/2_5eec4e901afc3ba022af54baf7f17f26_20150324-pm05-businessreax	118
2_5eec4e901afc3ba022af54baf7f17f26	financial dealing of west australian minister	f544ffbc4a150b2a610982e6476c48e8	20150221-sam04-gearingreece	audio_manual	audio_manual/2_5eec4e901afc3ba022af54baf7f17f26_20150221-sam04-gearingreece	119
2_5eec4e901afc3ba022af54baf7f17f26	financial dealing of west australian minister	5b253d42b14f2dd723d64e54e843018e	20141027-am03-dutton	audio_manual	audio_manual/2_5eec4e901afc3ba022af54baf7f17f26_20141027-am03-dutton	120
3_7f3e8b1c70b3d4b2b322b25bf8bf66d7	Israel Palastine tension worship at Al Asqa Jordan diplomat	7f3e8b1c70b3d4b2b322b25bf8bf66d7	20141106-am02-carattackjerusalemcross	audio_manual	audio_manual/3_7f3e8b1c70b3d4b2b322b25bf8bf66d7_20141106-am02-carattackjerusalemcross	1
3_7f3e8b1c70b3d4b2b322b25bf8bf66d7	Israel Palastine tension worship at Al Asqa Jordan diplomat	c0ad03d454aa529807ff9b86ae97bc92	20131031-twt07-templedome	audio_manual	audio_manual/3_7f3e8b1c70b3d4b2b322b25bf8bf66d7_20131031-twt07-templedome	2
3_7f3e8b1c70b3d4b2b322b25bf8bf66d7	Israel Palastine tension worship at Al Asqa Jordan diplomat	4f5f514de66d18e10fb94ca1c00e526d	20150204-rnam04-pilotkilled	audio_manual	audio_manual/3_7f3e8b1c70b3d4b2b322b25bf8bf66d7_20150204-rnam04-pilotkilled	3
3_7f3e8b1c70b3d4b2b322b25bf8bf66d7	Israel Palastine tension worship at Al Asqa Jordan diplomat	df5f68282cccec0272592985f37fc0ee	20141028-eam03-settlement	audio_manual	audio_manual/3_7f3e8b1c70b3d4b2b322b25bf8bf66d7_20141028-eam03-settlement	4
3_7f3e8b1c70b3d4b2b322b25bf8bf66d7	Israel Palastine tension worship at Al Asqa Jordan diplomat	9f64aae1223cc218518af93547fd6512	20150303-eam03-bibispeaks	audio_manual	audio_manual/3_7f3e8b1c70b3d4b2b322b25bf8bf66d7_20150303-eam03-bibispeaks	5
3_7f3e8b1c70b3d4b2b322b25bf8bf66d7	Israel Palastine tension worship at Al Asqa Jordan diplomat	9a7f7a61e37ac3932011c9a6fd5b36f	20141030-pm09-mideastrensions	audio_manual	audio_manual/3_7f3e8b1c70b3d4b2b322b25bf8bf66d7_20141030-pm09-mideastrensions	6
3_7f3e8b1c70b3d4b2b322b25bf8bf66d7	Israel Palastine tension worship at Al Asqa Jordan diplomat	c375e96411dbbb3f5d2d216cc2995a1b	20150303-twt09-iranjatras	audio_manual	audio_manual/3_7f3e8b1c70b3d4b2b322b25bf8bf66d7_20150303-twt09-iranjatras	7
3_7f3e8b1c70b3d4b2b322b25bf8bf66d7	Israel Palastine tension worship at Al Asqa Jordan diplomat	f72575a08195f21ae8761d8ce075f162	20141118-pm06-terrorattack	audio_manual	audio_manual/3_7f3e8b1c70b3d4b2b322b25bf8bf66d7_20141118-pm06-terrorattack	8
3_7f3e8b1c70b3d4b2b322b25bf8bf66d7	Israel Palastine tension worship at Al Asqa Jordan diplomat	24c24f663e5e29bc4861395bc49e303e	20130204-twt04-jordanpilot	audio_manual	audio_manual/3_7f3e8b1c70b3d4b2b322b25bf8bf66d7_20130204-twt04-jordanpilot	9
3_7f3e8b1c70b3d4b2b322b25bf8bf66d7	Israel Palastine tension worship at Al Asqa Jordan diplomat	9b3290bcded5c698a36443263fc36315	20141116-cr04-skplasticsurgery	audio_manual	audio_manual/3_7f3e8b1c70b3d4b2b322b25bf8bf66d7_20141116-cr04-skplasticsurgery	10
2_8acc3baddf24bd35dc84e85d05eb82ab	northern territory chief minister dumped	bcfe273a22c427db956c38bede3e8aa0	20141002-twt06-nucleardump	audio_manual	audio_manual/2_8acc3baddf24bd35dc84e85d05eb82ab_20141002-twt06-nucleardump	1
2_8acc3baddf24bd35dc84e85d05eb82ab	northern territory chief minister dumped	8acc3baddf24bd35dc84e85d05eb82ab	20150203-eam03-ntspill	audio_manual	audio_manual/2_8acc3baddf24bd35dc84e85d05eb82ab_20150203-eam03-ntspill	2
2_8acc3baddf24bd35dc84e85d05eb82ab	northern territory chief minister dumped	b5008e255076228e947fd0784d3a2262	20150204-pmrn03-ntfallout	audio_manual	audio_manual/2_8acc3baddf24bd35dc84e85d05eb82ab_20150204-pmrn03-ntfallout	3
2_8acc3baddf24bd35dc84e85d05eb82ab	northern territory chief minister dumped	a64bfa59a38f5ed17ec4b37075cdefe1	20150204-rnam03-gilesreturns	audio_manual	audio_manual/2_8acc3baddf24bd35dc84e85d05eb82ab_20150204-rnam03-gilesreturns	4
2_8acc3baddf24bd35dc84e85d05eb82ab	northern territory chief minister dumped	664d65eae252107e1d89304c2fbb32e4	20150206-twt04-gilesplot	audio_manual	audio_manual/2_8acc3baddf24bd35dc84e85d05eb82ab_20150206-twt04-gilesplot	5
2_8acc3baddf24bd35dc84e85d05eb82ab	northern territory chief minister dumped	a244610d254ea86119185edeffa75c59	20150218-am08-millssacked	audio_manual	audio_manual/2_8acc3baddf24bd35dc84e85d05eb82ab_20150218-am08-millssacked	6
2_8acc3baddf24bd35dc84e85d05eb82ab	northern territory chief minister dumped	53d36dc48e534b433f314d317bf09308	20150203-twt02-ntleaderRPL	audio_manual	audio_manual/2_8acc3baddf24bd35dc84e85d05eb82ab_20150203-twt02-ntleaderRPL	7
2_8acc3baddf24bd35dc84e85d05eb82ab	northern territory chief minister dumped	91951ccf7e5cd0503d68468b03b6581b	20150203-pm01-ntcrisis	audio_manual	audio_manual/2_8acc3baddf24bd35dc84e85d05eb82ab_20150203-pm01-ntcrisis	8
2_8acc3baddf24bd35dc84e85d05eb82ab	northern territory chief minister dumped	a22ead6504776fa7ae12510d710304a0	20141209-pm09-ntpols	audio_manual	audio_manual/2_8acc3baddf24bd35dc84e85d05eb82ab_20141209-pm09-ntpols	9
2_8acc3baddf24bd35dc84e85d05eb82ab	northern territory chief minister dumped	b0ef65f2379365e86d6cd5791fd7eee	20150209-am06-clprecording	audio_manual	audio_manual/2_8acc3baddf24bd35dc84e85d05eb82ab_20150209-am06-clprecording	10
0_9fdefc69c873cc40ae669162500ce907	malcolm fraser died	9fdefc69c873cc40ae669162500ce907	20150320-twt01-fraserleadall	audio_manual	audio_manual/0_9fdefc69c873cc40ae669162500ce907_20150320-twt01-fraserleadall	1
0_9fdefc69c873cc40ae669162500ce907	malcolm fraser died	184cc22b404b3ea634a0dfc21920c5c2	150320-pm01-fraserleadall	audio_manual	audio_manual/0_9fdefc69c873cc40ae669162500ce907_150320-pm01-fraserleadall	2
0_9fdefc69c873cc40ae669162500ce907	malcolm fraser died	bec45d66a8e5b306a128e86943ba3cb	20150320-twt05-polliereax	audio_manual	audio_manual/0_9fdefc69c873cc40ae669162500ce907_20150320-twt05-polliereax	3
0_9fdefc69c873cc40ae669162500ce907	malcolm fraser died	b77638260e10985fa418e05b802a1230	20150320-twt02-menadueiv	audio_manual	audio_manual/0_9fdefc69c873cc40ae669162500ce907_20150320-twt02-menadueiv	4
0_9fdefc69c873cc40ae669162500ce907	malcolm fraser died	57a4ef2802493ed01109acaef2cba73b	20150320-twt04-barnettiv	audio_manual	audio_manual/0_9fdefc69c873cc40ae669162500ce907_20150320-twt04-barnettiv	5
0_9fdefc69c873cc40ae669162500ce907	malcolm fraser died	1f7f1615e2ac7e41876e9d4a9a7ae6be	20150323-twt06-frasercondonces	audio_manual	audio_manual/0_9fdefc69c873cc40ae669162500ce907_20150323-twt06-frasercondonces	6
0_9fdefc69c873cc40ae669162500ce907	malcolm fraser died	ffc2684b098ffcf62e7cda890ae31164	20150327-pm07-fraserservice	audio_manual	audio_manual/0_9fdefc69c873cc40ae669162500ce907_20150327-pm07-fraserservice	7
0_9fdefc69c873cc40ae669162500ce907	malcolm fraser died	eaeccfd4c68ceab1c03fb8192cb2dd3f	20150323-pm04-frasermotion	audio_manual	audio_manual/0_9fdefc69c873cc40ae669162500ce907_20150323-pm04-frasermotion	8
0_9fdefc69c873cc40ae669162500ce907	malcolm fraser died	c690426621d2d1bef45d9125ea5fa824	20150320-twt03-fraserimmigration	audio_manual	audio_manual/0_9fdefc69c873cc40ae669162500ce907_20150320-twt03-fraserimmigration	9
0_9fdefc69c873cc40ae669162500ce907	malcolm fraser died	3391e2d567cc16600144c50a842f3535	20150327-twt09-fraserfuneral	audio_manual	audio_manual/0_9fdefc69c873cc40ae669162500ce907_20150327-twt09-fraserfuneral	10
0_10ae5555a29c8e9f0b34a2926f6f8787	volcano new zealand	10ae5555a29c8e9f0b34a2926f6f8787	20150313-twt12-volcanopumice	audio_manual	audio_manual/0_10ae5555a29c8e9f0b34a2926f6f8787_20150313-twt12-volcanopumice	1
0_10ae5555a29c8e9f0b34a2926f6f8787	volcano new zealand	7fff87e12c944283c83dd90cb1fbc01c	20150318-am07-myanmarbuddha	audio_manual	audio_manual/0_10ae5555a29c8e9f0b34a2926f6f8787_20150318-am07-myanmarbuddha	2
0_10ae5555a29c8e9f0b34a2926f6f8787	volcano new zealand	549e864ba9e5f3c7b8188c19c3703e9f	20141202-pm06-oliverhartwich	audio_manual	audio_manual/0_10ae5555a29c8e9f0b34a2926f6f8787_20141202-pm06-oliverhartwich	3
0_10ae5555a29c8e9f0b34a2926f6f8787	volcano new zealand	2e7d197df3829d9ecde45d9dd22fe469	20141028-pm07-EBOLATESTER	audio_manual	audio_manual/0_10ae5555a29c8e9f0b34a2926f6f8787_20141028-pm07-EBOLATESTER	4
0_10ae5555a29c8e9f0b34a2926f6f8787	volcano new zealand	ca8e62acf256ad7e6623a746aa556027	20141105-twt06-keyisis	audio_manual	audio_manual/0_10ae5555a29c8e9f0b34a2926f6f8787_20141105-twt06-keyisis	5
0_10ae5555a29c8e9f0b34a2926f6f8787	volcano new zealand	771bcf79358184be1280eeb93a064798	20150227-eam02-abbottauckland	audio_manual	audio_manual/0_10ae5555a29c8e9f0b34a2926f6f8787_20150227-eam02-abbottauckland	6
0_10ae5555a29c8e9f0b34a2926f6f8787	volcano new zealand	bebc4b6c9aab1396fe4baee79cd36583	20150228-rnsam01-leadershipmono	audio_manual	audio_manual/0_10ae5555a29c8e9f0b34a2926f6f8787_20150228-rnsam01-leadershipmono	7
0_10ae5555a29c8e9f0b34a2926f6f8787	volcano new zealand	9f391eab901fb46af36fd502f933b5f2	20150311-twt05-fonterra	audio_manual	audio_manual/0_10ae5555a29c8e9f0b34a2926f6f8787_20150311-twt05-fonterra	8
0_10ae5555a29c8e9f0b34a2926f6f8787	volcano new zealand	2d819fe0b23a4580426ca2a2d0255d7a	20141113-am06-copaymentpsych	audio_manual	audio_manual/0_10ae5555a29c8e9f0b34a2926f6f8787_20141113-am06-copaymentpsych	9
0_10ae5555a29c8e9f0b34a2926f6f8787	volcano new zealand	6c5dc57461dcb2dd28295da731f8a6d6	20141130-cr01-newzealand	audio_manual	audio_manual/0_10ae5555a29c8e9f0b34a2926f6f8787_20141130-cr01-newzealand	10
1_14ff8468fd07e6cc54f7a403d2035123	Royal commission Mangrove Mountain Yoga Ashram	d742ed174b8108b6164cf413bbe4a170	20141210-twt05-ashrampeople	audio_manual	audio_manual/1_14ff8468fd07e6cc54f7a403d2035123_20141210-twt05-ashrampeople	1
1_14ff8468fd07e6cc54f7a403d2035123	Royal commission Mangrove Mountain Yoga Ashram	fbfe7438189f78d950d2110e4ced2f3a	20141205-twt05-yogasishy	audio_manual	audio_manual/1_14ff8468fd07e6cc54f7a403d2035123_20141205-twt05-yogasishy	2
1_14ff8468fd07e6cc54f7a403d2035123	Royal commission Mangrove Mountain Yoga Ashram	e4030b211a82918af2211606bdaa12	20141204-pm03-ritualabuse	audio_manual	audio_manual/1_14ff8468fd07e6cc54f7a403d2035123_20141204-pm03-ritualabuse	3
1_14ff8468fd07e6cc54f7a403d2035123	Royal commission Mangrove Mountain Yoga Ashram	65d208c72a8e619d31bc0746f5c5ef4f	20141210-pm02-sorryashrammoney	audio_manual	audio_manual/1_14ff8468fd07e6cc54f7a403d2035123_20141210-pm02-sorryashrammoney	4
1_14ff8468fd07e6cc54f7a403d2035123	Royal commission Mangrove Mountain Yoga Ashram	fbc6c225e60038f17d75c541ac6a93c9	20141209-pm03-venalvictimsrpl	audio_manual	audio_manual/1_14ff8468fd07e6cc54f7a403d2035123_20141209-pm03-venalvictimsrpl	5
1_14ff8468fd07e6cc54f7a403d2035123	Royal commission Mangrove Mountain Yoga Ashram	7a15d0a89437c52e3950b399d151df09	20141202-pm05-yogaabuse	audio_manual	audio_manual/1_14ff8468fd07e6cc54f7a403d2035123_20141202-pm05-yogaabuse	6
1_14ff8468fd07e6cc54f7a403d2035123	Royal commission Mangrove Mountain Yoga Ashram	14ff8468fd07e6cc54f7a403d2035123	20141202-eam03-rcyogacult	audio_manual	audio_manual/1_14ff8468fd07e6cc54f7a403d2035123_20141202-eam03-rcyogacult	7
1_14ff8468fd07e6cc54f7a403d2035123	Royal commission Mangrove Mountain Yoga Ashram	6b2f382339c0cb73e8a7647a70af6b3c	20141205-pm09-yogasorry	audio_manual	audio_manual/1_14ff8468fd07e6cc54f7a403d2035123_20141205-pm09-yogasorry	8
1_14ff8468fd07e6cc54f7a403d2035123	Royal commission Mangrove Mountain Yoga Ashram	223026c9fa8c1e5ce6d891c9413ccdb6	20141202-twt04-rcyogadayone	audio_manual	audio_manual/1_14ff8468fd07e6cc54f7a403d2035123_20141202-twt04-rcyogadayone	9
1_14ff8468fd07e6cc54f7a403d2035123	Royal commission Mangrove Mountain Yoga Ashram	d7ea622bad2f97c23e9253495d09532d	20141209-twt06-ashrammorphine	audio_manual	audio_manual/1_14ff8468fd07e6cc54f7a403d2035123_20141209-twt06-ashrammorphine	10
1_16a4810341caf97c4dd9d5a89d89479a	News Corp Nova Peris leaked email	ac55e44691f1ee35e27e9c42d9685b06	20141029-am02-novascandalrpl	audio_manual	audio_manual/1_16a4810341caf97c4dd9d5a89d89479a_20141029-am02-novascandalrpl	1
1_16a4810341caf97c4dd9d5a89d89479a	News Corp Nova Peris leaked email	bc9fe5b1953c6c88423c7ba3b23e2b79	20141029-twt05-novafollow	audio_manual	audio_manual/1_16a4810341caf97c4dd9d5a89d89479a_20141029-twt05-novafollow	2
1_16a4810341caf97c4dd9d5a89d89479a	News Corp Nova Peris leaked email	fefdb3568dbfd6643be4aae788808ffa	20141030-pm03-novaspeaks	audio_manual	audio_manual/1_16a4810341caf97c4dd9d5a89d89479a_20141030-pm03-novaspeaks	3
1_16a4810341caf97c4dd9d5a89d89479a	News Corp Nova Peris leaked email	16a4810341caf97c4dd9d5a89d89479a	20131031-twt04-novapublish	audio_manual	audio_manual/1_16a4810341caf97c4dd9d5a89d89479a_20131031-twt04-novapublish	4
1_16a4810341caf97c4dd9d5a89d89479a	News Corp Nova Peris leaked email	e85d332dd00fa50401874297ee7651f0	20141030-pm04-leakingships	audio_manual	audio_manual/1_16a4810341caf97c4dd9d5a89d89479a_20141030-pm04-leakingships	5
1_16a4810341caf97c4dd9d5a89d89479a	News Corp Nova Peris leaked email	87280d6c8001a33737b2c8d3493178da	20141114-twt08-murdochwilliams	audio_manual	audio_manual/1_16a4810341caf97c4dd9d5a89d89479a_20141114-twt08-murdochwilliams	6
1_16a4810341caf97c4dd9d5a89d89479a	News Corp Nova Peris leaked email	49d79a8002538fa2e87a2ed710aab7a3	20150312-twt06-morelifestylchoice	audio_manual	audio_manual/1_16a4810341caf97c4dd9d5a89d89479a_20150312-twt06-morelifestylchoice	7
1_16a4810341caf97c4dd9d5a89d89479a	News Corp Nova Peris leaked email	d55532cf053240849934d4f2497fd6a6	20150206-twt12-twitterbullies	audio_manual	audio_manual/1_16a4810341caf97c4dd9d5a89d89479a_20150206-twt12-twitterbullies	8
1_16a4810341caf97c4dd9d5a89d89479a	News Corp Nova Peris leaked email	effc4462a6769dd17ad6056541ab5d1b	20150205-twt05-murdochshares	audio_manual	audio_manual/1_16a4810341caf97c4dd9d5a89d89479a_20150205-twt05-murdochshares	9
1_16a4810341caf97c4dd9d5a89d89479a	News Corp Nova Peris leaked email	4ef88e0d3e76685a9df1ad33c747d84c	20141017-pm02-spurrsuspended	audio_manual	audio_manual/1_16a4810341caf97c4dd9d5a89d89479a_20141017-pm02-spurrsuspended	10
0_21fd85b5c79f7ee0a7e6880b5d05659d	ebola australia	d92e2663b0d935c7956848e042b57b6c	20150323-pm07-ebolalockdown	audio_manual	audio_manual/0_21fd85b5c79f7ee0a7e6880b5d05659d_20150323-pm07-ebolalockdown	21
0_21fd85b5c79f7ee0a7e6880b5d05659d	ebola australia	c608779dc8d8f29dd9aa50cf5f483c00	20141017-twt02-ebolaaus	audio_manual	audio_manual/0_21fd85b5c79f7ee0a7e6880b5d05659d_20141017-twt02-ebolaaus	22
0_21fd85b5c79f7ee0a7e6880b5d05659d	ebola australia	22d6d43a978954119ac9c47a437e5ee7	20141014-twt04-ebolaprotocols	audio_manual	audio_manual/0_21fd85b5c79f7ee0a7e6880b5d05659d_20141014-twt04-ebolaprotocols	23
0_21fd85b5c79f7ee0a7e6880b5d05659d	ebola australia	21fd85b5c79f7ee0a7e6880b5d05659d	20141017-rnam0102-ebolaleadalldutton	audio_manual	audio_manual/0_21fd85b5c79f7ee0a7e6880b5d05659d_20141017-rnam0102-ebolaleadalldutton	24
0_21fd85b5c79f7ee0a7e6880b5d05659d	ebola australia	e7658151a0468cbd28ff97e6f09960f	20141114-twt10-yaxleycross	audio_manual	audio_manual/0_21fd85b5c79f7ee0a7e6880b5d05659d_20141114-twt10-yaxleycross	25
0_21fd85b5c79f7ee0a7e6880b5d05659d	ebola australia	7d8fb65c884847bbcad7d9d45b18817f	20141106-pm02-aspenresponse	audio_manual	audio_manual/0_21fd85b5c79f7ee0a7e6880b5d05659d_20141106-pm02-aspenresponse	26
0_21fd85b5c79f7ee0a7e6880b5d05659d	ebola australia	83708be018e82677c93f69fff85c5373	20141001-pm08-ebolaaussie	audio_manual	audio_manual/0_21fd85b5c79f7ee0a7e6880b5d05659d_20141001-pm08-ebolaaussie	27
0_21fd85b5c79f7ee0a7e6880b5d05659d	ebola australia	78e3a3f1ce44db05376a3eb36de93912	20150216-pm07-pngtbfunding	audio_manual	audio_manual/0_21fd85b5c79f7ee0a7e6880b5d05659d_20150216-pm07-pngtbfunding	28
0_21fd85b5c79f7ee0a7e6880b5d05659d	ebola australia	2260285c2fb21c1bb2ccf466e8ea2e0c	20141030-twt03-timinglis	audio_manual	audio_manual/0_21fd85b5c79f7ee0a7e6880b5d05659d_20141030-twt03-timinglis	29
0_21fd85b5c79f7ee0a7e6880b5d05659d	ebola australia	505d5fcb6f8326f4cf5da28d7af418e2	20141027-pm07-ebolaisolate	audio_manual	audio_manual/0_21fd85b5c79f7ee0a7e6880b5d05659d_20141027-pm07-ebolaisolate	30
0_25a915104acccd25bcd43d5b156c9352	asylum seekers Immigration	25a915104acccd25bcd43d5b156c9352	20141219-twt07-newbornsnauru	audio_manual	audio_manual/0_25a915104acccd25bcd43d5b156c9352_20141219-twt07-newbornsnauru	1
0_25a915104acccd25bcd43d5b156c9352	asylum seekers Immigration	7acd32975b10716d5a60d86f2313494a	20150203-rnam05-manusdutonpato	audio_manual	audio_manual/0_25a915104acccd25bcd43d5b156c9352_20150203-rnam05-manusdutonpato	2
0_25a915104acccd25bcd43d5b156c9352	asylum seekers Immigration	9b865b0023584261043c2d827260c05e	20141121-twt04-stevechaoiv	audio_manual	audio_manual/0_25a915104acccd25bcd43d5b156c9352_20141121-twt04-stevechaoiv	3
0_25a915104acccd25bcd43d5b156c9352	asylum seekers Immigration	c690426621d2d1bef45d9125ea5fa824	20150320-twt03-fraserimmigration	audio_manual	audio_manual/0_25a915104acccd25bcd43d5b156c9352_20150320-twt03-fraserimmigration	4
0_25a915104acccd25bcd43d5b156c9352	asylum seekers Immigration	6861c27e950518d55a0c13734ccdcfdc	20141111-twt01-genevatorture	audio_manual	audio_manual/0_25a915104acccd25bcd43d5b156c9352_20141111-twt01-genevatorture	5
0_25a915104acccd25bcd43d5b156c9352	asylum seekers Immigration	48828c8fd5da9d5f64a161178b72bcce	20141202-twt05-migrationbill	audio_manual	audio_manual/0_25a915104acccd25bcd43d5b156c9352_20141202-twt05-migrationbill	6
0_25a915104acccd25bcd43d5b156c9352	asylum seekers Immigration	aceac3aa1eabeb1ee8e836fc9c47053	20141219-pm02-beratidad	audio_manual	audio_manual/0_25a915104acccd25bcd43d5b156c9352_20141219-pm02-beratidad	7
0_25a915104acccd25bcd43d5b156c9352	asylum seekers Immigration	fc909ee29d05afd8c99a5d4ed9e8f9cd	20150328-sam05-childdetention	audio_manual	audio_manual/0_25a915104acccd25bcd43d5b156c9352_20150328-sam05-childdetention	8
0_25a915104acccd25bcd43d5b156c9352	asylum seekers Immigration	9f008f4164a7857ef788c24d4ec91a36	20150212-eam01-kidsdetention	audio_manual	audio_manual/0_25a915104acccd25bcd43d5b156c9352_20150212-eam01-kidsdetention	9
0_25a915104acccd25bcd43d5b156c9352	asylum seekers Immigration	296faa05ba20b0b4f72d695c53550bf3	20141112-pm07-lgpngpato	audio_manual	audio_manual/0_25a915104acccd25bcd43d5b156c9352_20141112-pm07-lgpngpato	10
2_35ef5d8328471088f076ac0b58fc3981	interest rate cuts	d2abef326f996b04895ee7b3a0ef98fa	20150326-eam03-penaltyratesLONG	audio_manual	audio_manual/2_35ef5d8328471088f076ac0b58fc3981_20150326-eam03-penaltyratesLONG	21
2_35ef5d8328471088f076ac0b58fc3981	interest rate cuts	9b9d1c3c7e87d9b76d181df912d31eb4	20141231-rnam05-srilanka	audio_manual	audio_manual/2_35ef5d8328471088f076ac0b58fc3981_20141231-rnam05-srilanka	22
2_35ef5d8328471088f076ac0b58fc3981	interest rate cuts	91437aebe2e03a970adb0cdda1930cb3	20141125-am06-indigenoussight	audio_manual	audio_manual/2_35ef5d8328471088f076ac0b58fc3981_20141125-am06-indigenoussight	23
2_35ef5d8328471088f076ac0b58fc3981	interest rate cuts	732eb5671d2fe541dfb1fe2f163db95a	20150303-am07-matesinconstruction	audio_manual	audio_manual/2_35ef5d8328471088f076ac0b58fc3981_20150303-am07-matesinconstruction	24
2_35ef5d8328471088f076ac0b58fc3981	interest rate cuts	1bf1f468b3bca79cddc677f9d1b6c1fa	20141006-twt02-rbarates	audio_manual	audio_manual/2_35ef5d8328471088f076ac0b58fc3981_20141006-twt02-rbarates	25
2_35ef5d8328471088f076ac0b58fc3981	interest rate cuts	4519caa35fd4d61c3f2133ade1c352cc	20150324-am01-budgeterc	audio_manual	audio_manual/2_35ef5d8328471088f076ac0b58fc3981_20150324-am01-budgeterc	26
2_35ef5d8328471088f076ac0b58fc3981	interest rate cuts	4c91da5b1f899792460bcc6b290c1f07	20141211-pm03-joblessrate	audio_manual	audio_manual/2_35ef5d8328471088f076ac0b58fc3981_20141211-pm03-joblessrate	27
2_35ef5d8328471088f076ac0b58fc3981	interest rate cuts	c4c55210d7b3daf423adbbe4fc38b71e	20141119-am06-glenstevens	audio_manual	audio_manual/2_35ef5d8328471088f076ac0b58fc3981_20141119-am06-glenstevens	28
2_35ef5d8328471088f076ac0b58fc3981	interest rate cuts	de426b2b7080b94f4bebc5307ae17583	20150225-twt09-yellenfed	audio_manual	audio_manual/2_35ef5d8328471088f076ac0b58fc3981_20150225-twt09-yellenfed	29
2_35ef5d8328471088f076ac0b58fc3981	interest rate cuts	35ef5d8328471088f076ac0b58fc3981	20150401-twt04-ryanrates	audio_manual	audio_manual/2_35ef5d8328471088f076ac0b58fc3981_20150401-twt04-ryanrates	30
1_44c470d65e4a90be63e4f0ceccf44baf	Tony Abbott offending indigenous people	44c470d65e4a90be63e4f0ceccf44baf	20150312-am02-indigenousfallout	audio_manual	audio_manual/1_44c470d65e4a90be63e4f0ceccf44baf_20150312-am02-indigenousfallout	1
1_44c470d65e4a90be63e4f0ceccf44baf	Tony Abbott offending indigenous people	95deb3949403f6736aa87bd5a13eab5f	20150211-am-03abbottindiggapreaxRPL	audio_manual	audio_manual/1_44c470d65e4a90be63e4f0ceccf44baf_20150211-am-03abbottindiggapreaxRPL	2
1_44c470d65e4a90be63e4f0ceccf44baf	Tony Abbott offending indigenous people	c8ff46b9f56aa0306772f34959f1b15	20150209-am05-congressabbott	audio_manual	audio_manual/1_44c470d65e4a90be63e4f0ceccf44baf_20150209-am05-congressabbott	3
1_44c470d65e4a90be63e4f0ceccf44baf	Tony Abbott offending indigenous people	49d5bca6fbded1716124996186157d71	20150209-twt12-kooricourt	audio_manual	audio_manual/1_44c470d65e4a90be63e4f0ceccf44baf_20150209-twt12-kooricourt	4
1_44c470d65e4a90be63e4f0ceccf44baf	Tony Abbott offending indigenous people	49d79a8002538fa2e87a2ed710aab7a3	20150312-twt06-morelifestylchoice	audio_manual	audio_manual/1_44c470d65e4a90be63e4f0ceccf44baf_20150312-twt06-morelifestylchoice	5
1_44c470d65e4a90be63e4f0ceccf44baf	Tony Abbott offending indigenous people	b7bb6c2af90ae4fafd373131cf4fb5a5	20150311-twt01-pearsoniv	audio_manual	audio_manual/1_44c470d65e4a90be63e4f0ceccf44baf_20150311-twt01-pearsoniv	6
1_44c470d65e4a90be63e4f0ceccf44baf	Tony Abbott offending indigenous people	a88adaf3f77960f638ae9ebc52596980	20150311-am01-RPLabbottlifestylesabbottresponserpl	audio_manual	audio_manual/1_44c470d65e4a90be63e4f0ceccf44baf_20150311-am01-RPLabbottlifestylesabbottresponserpl	7
1_44c470d65e4a90be63e4f0ceccf44baf	Tony Abbott offending indigenous people	7b57a11a0bd32d53c09b9204aeb5fd0f	20150211-twt03-closethegap	audio_manual	audio_manual/1_44c470d65e4a90be63e4f0ceccf44baf_20150211-twt03-closethegap	8
1_44c470d65e4a90be63e4f0ceccf44baf	Tony Abbott offending indigenous people	dd656520821af0d1f97fc9ca7bcb0383	20141114-pm07-terranullius	audio_manual	audio_manual/1_44c470d65e4a90be63e4f0ceccf44baf_20141114-pm07-terranullius	9
1_44c470d65e4a90be63e4f0ceccf44baf	Tony Abbott offending indigenous people	9e598eabc3f4627a63c61219e6f8e46b	20141127-pm06-indigenousreport	audio_manual	audio_manual/1_44c470d65e4a90be63e4f0ceccf44baf_20141127-pm06-indigenousreport	10
0_57b29d35db9dd8080866d86ea449503c	air attack to islamic state	2ed8ecd0ed5e9506c114ebcc5698af93	20141218-pm03-peshawarthursday	audio_manual	audio_manual/0_57b29d35db9dd8080866d86ea449503c_20141218-pm03-peshawarthursday	61
0_57b29d35db9dd8080866d86ea449503c	air attack to islamic state	3488c5bf18aeb1bcd8a53abdbfedee7d	20150217-twt08-mosquevandal	audio_manual	audio_manual/0_57b29d35db9dd8080866d86ea449503c_20150217-twt08-mosquevandal	62
0_57b29d35db9dd8080866d86ea449503c	air attack to islamic state	2524972f9c5a2b67d76c26abae97cc18	20150312-twt02-iraqbattle	audio_manual	audio_manual/0_57b29d35db9dd8080866d86ea449503c_20150312-twt02-iraqbattle	63
0_57b29d35db9dd8080866d86ea449503c	air attack to islamic state	175dea5c1dd4d53f2e718f4e202f3d44	20141107-rnam04-terrorfinance	audio_manual	audio_manual/0_57b29d35db9dd8080866d86ea449503c_20141107-rnam04-terrorfinance	64
0_57b29d35db9dd8080866d86ea449503c	air attack to islamic state	d051e6fb6a64b504e0b69afaf0ab2245	20150220-eam01-russiastouch	audio_manual	audio_manual/0_57b29d35db9dd8080866d86ea449503c_20150220-eam01-russiastouch	65
0_57b29d35db9dd8080866d86ea449503c	air attack to islamic state	57b29d35db9dd8080866d86ea449503c	20141008-pm02-iraqdefence	audio_manual	audio_manual/0_57b29d35db9dd8080866d86ea449503c_20141008-pm02-iraqdefence	66
0_57b29d35db9dd8080866d86ea449503c	air attack to islamic state	bfdc861580d472d79ada40fe64da405c	20141117-twt05-isisboys	audio_manual	audio_manual/0_57b29d35db9dd8080866d86ea449503c_20141117-twt05-isisboys	67
0_57b29d35db9dd8080866d86ea449503c	air attack to islamic state	ede1964e9b965af1bde0b28c283fe040	20141011-am04-kobaneenvoy	audio_manual	audio_manual/0_57b29d35db9dd8080866d86ea449503c_20141011-am04-kobaneenvoy	68
0_57b29d35db9dd8080866d86ea449503c	air attack to islamic state	46e6f17f98571fa2ea5c19ca4578f98b	20141001-eam03-teenagejihadi	audio_manual	audio_manual/0_57b29d35db9dd8080866d86ea449503c_20141001-eam03-teenagejihadi	69
0_57b29d35db9dd8080866d86ea449503c	air attack to islamic state	894488a0679c1c0a4f16f16597da39b6	20141117-rnam01-fifthbeheading	audio_manual	audio_manual/0_57b29d35db9dd8080866d86ea449503c_20141117-rnam01-fifthbeheading	70
0_82c5e5c185ebe7d826354ea6052c13f3	free trade china australia	ac03968660246a35fc776eb1d710b4f0	20141205-pm08-robexplosion	audio_manual	audio_manual/0_82c5e5c185ebe7d826354ea6052c13f3_20141205-pm08-robexplosion	1
0_82c5e5c185ebe7d826354ea6052c13f3	free trade china australia	f69d40a8e76fce4c438677d80b810638	20141110-twt02-jameslaurenceson	audio_manual	audio_manual/0_82c5e5c185ebe7d826354ea6052c13f3_20141110-twt02-jameslaurenceson	2
0_82c5e5c185ebe7d826354ea6052c13f3	free trade china australia	24386d55a7df5518835764c289ac27fd	20141010-rnam05-coal	audio_manual	audio_manual/0_82c5e5c185ebe7d826354ea6052c13f3_20141010-rnam05-coal	3
0_82c5e5c185ebe7d826354ea6052c13f3	free trade china australia	3d1d935c712b268f528408db141f1639	20141027-twt08-aiglannin	audio_manual	audio_manual/0_82c5e5c185ebe7d826354ea6052c13f3_20141027-twt08-aiglannin	4
0_82c5e5c185ebe7d826354ea6052c13f3	free trade china australia	d7c28acc56a77caec63022ee9a6aa1f	20141110-rnam02-robbfta	audio_manual	audio_manual/0_82c5e5c185ebe7d826354ea6052c13f3_20141110-rnam02-robbfta	5
0_82c5e5c185ebe7d826354ea6052c13f3	free trade china australia	4f320ccbb75a6b436c0ecc0bd538e7ea	20141107-pm1-tradetalks	audio_manual	audio_manual/0_82c5e5c185ebe7d826354ea6052c13f3_20141107-pm1-tradetalks	6
0_82c5e5c185ebe7d826354ea6052c13f3	free trade china australia	82c5e5c185ebe7d826354ea6052c13f3	20141117-twt02-ftachina	audio_manual	audio_manual/0_82c5e5c185ebe7d826354ea6052c13f3_20141117-twt02-ftachina	7
0_82c5e5c185ebe7d826354ea6052c13f3	free trade china australia	e790881cd6f9adf80d07d5fa157dbe4f	20141107-am02-beijingcross	audio_manual	audio_manual/0_82c5e5c185ebe7d826354ea6052c13f3_20141107-am02-beijingcross	8
0_82c5e5c185ebe7d826354ea6052c13f3	free trade china australia	71bf40af3725e09132eccf36da1d76c1	20141110-twt01-tradedeal	audio_manual	audio_manual/0_82c5e5c185ebe7d826354ea6052c13f3_20141110-twt01-tradedeal	9
0_82c5e5c185ebe7d826354ea6052c13f3	free trade china australia	8196ba778949453ed56fff79b541e2a2	20141111-twt03-chinacurrency	audio_manual	audio_manual/0_82c5e5c185ebe7d826354ea6052c13f3_20141111-twt03-chinacurrency	10
2_2c44410773b903bb460bdb70df79e673	heart transplant of stopped heart	2c44410773b903bb460bdb70df79e673	20141024-twt03-heartbreakthrough	audio_manual	audio_manual/2_2c44410773b903bb460bdb70df79e673_20141024-twt03-heartbreakthrough	1
2_2c44410773b903bb460bdb70df79e673	heart transplant of stopped heart	7e853c11f6e7fdc7202541fef4c9207c	20141009-am07-defribribillatorfail	audio_manual	audio_manual/2_2c44410773b903bb460bdb70df79e673_20141009-am07-defribribillatorfail	2
2_2c44410773b903bb460bdb70df79e673	heart transplant of stopped heart	c0ad03d454aa529807ff9b86ae97bc92	20131031-twt07-templedome	audio_manual	audio_manual/2_2c44410773b903bb460bdb70df79e673_20131031-twt07-templedome	3
2_2c44410773b903bb460bdb70df79e673	heart transplant of stopped heart	4165c841b2b479237d84167db48e769e	20141120-am07-oxygenhurtsrpl	audio_manual	audio_manual/2_2c44410773b903bb460bdb70df79e673_20141120-am07-oxygenhurtsrpl	4
2_2c44410773b903bb460bdb70df79e673	heart transplant of stopped heart	55df1a56996a4085299f815658c845e5	20150225-am07-angerattack	audio_manual	audio_manual/2_2c44410773b903bb460bdb70df79e673_20150225-am07-angerattack	5
2_2c44410773b903bb460bdb70df79e673	heart transplant of stopped heart	8b7423a39092227b30331fcd34f141f	20141105-twt11-morecup	audio_manual	audio_manual/2_2c44410773b903bb460bdb70df79e673_20141105-twt11-morecup	6
2_2c44410773b903bb460bdb70df79e673	heart transplant of stopped heart	7ddf9455d8985b5d827bbe45cf2b232c	20141105-am01-melbcupdeathscupfollow	audio_manual	audio_manual/2_2c44410773b903bb460bdb70df79e673_20141105-am01-melbcupdeathscupfollow	7
2_2c44410773b903bb460bdb70df79e673	heart transplant of stopped heart	c7b0d23ff3fbc7f2bb630bc77039b23e	20141013-twt11-cambodiasurgery	audio_manual	audio_manual/2_2c44410773b903bb460bdb70df79e673_20141013-twt11-cambodiasurgery	8
2_2c44410773b903bb460bdb70df79e673	heart transplant of stopped heart	7e0f03ed3065b2e7a64da5151d7a56b8	20150224-twt12-thermomixslab	audio_manual	audio_manual/2_2c44410773b903bb460bdb70df79e673_20150224-twt12-thermomixslab	9
2_2c44410773b903bb460bdb70df79e673	heart transplant of stopped heart	8c40390f97c6bbed5d2c6539d74e5514	20141215-twt10-dental-divide	audio_manual	audio_manual/2_2c44410773b903bb460bdb70df79e673_20141215-twt10-dental-divide	10
1_2fb5e2affb90eae4a57febcfe4e7c892	Jim Byrnes trade union commision	2fb5e2affb90eae4a57febcfe4e7c892	20141017-pm05-bigjim	audio_manual	audio_manual/1_2fb5e2affb90eae4a57febcfe4e7c892_20141017-pm05-bigjim	1
1_2fb5e2affb90eae4a57febcfe4e7c892	Jim Byrnes trade union commision	ee574969e572723d870fa773dc11dad3	20141219-twt08-unioncommissionrpl	audio_manual	audio_manual/1_2fb5e2affb90eae4a57febcfe4e7c892_20141219-twt08-unioncommissionrpl	2
1_2fb5e2affb90eae4a57febcfe4e7c892	Jim Byrnes trade union commision	356af97f27e0b23b6ad7268539000539	20141111-pm01-tradedeal	audio_manual	audio_manual/1_2fb5e2affb90eae4a57febcfe4e7c892_20141111-pm01-tradedeal	3
1_2fb5e2affb90eae4a57febcfe4e7c892	Jim Byrnes trade union commision	6d0f60c8a5815e0a714931bc4cae84ce	20141219-pm04-commissionfollow	audio_manual	audio_manual/1_2fb5e2affb90eae4a57febcfe4e7c892_20141219-pm04-commissionfollow	4
1_2fb5e2affb90eae4a57febcfe4e7c892	Jim Byrnes trade union commision	2a3f38cb03ec0dfbcffe210013862258	20141031-pm01-rplcunionstaskforce	audio_manual	audio_manual/1_2fb5e2affb90eae4a57febcfe4e7c892_20141031-pm01-rplcunionstaskforce	5
1_2fb5e2affb90eae4a57febcfe4e7c892	Jim Byrnes trade union commision	21ea15b1aab631ca3a349609299045d3	20141101-sam02-unionfallout	audio_manual	audio_manual/1_2fb5e2affb90eae4a57febcfe4e7c892_20141101-sam02-unionfallout	6
1_2fb5e2affb90eae4a57febcfe4e7c892	Jim Byrnes trade union commision	ba34e86a5afc38bf1ab10f7a20c1bce4	20141008-rnam03-brandiscommision	audio_manual	audio_manual/1_2fb5e2affb90eae4a57febcfe4e7c892_20141008-rnam03-brandiscommision	7
1_2fb5e2affb90eae4a57febcfe4e7c892	Jim Byrnes trade union commision	fe66eead0455fc7fb9a63cd3176ace2f	20141007-pm02-commissionextended	audio_manual	audio_manual/1_2fb5e2affb90eae4a57febcfe4e7c892_20141007-pm02-commissionextended	8
1_2fb5e2affb90eae4a57febcfe4e7c892	Jim Byrnes trade union commision	abd8e3e52d3fd52a511d6a6fd851520f	20150209-twt05-workplacereax	audio_manual	audio_manual/1_2fb5e2affb90eae4a57febcfe4e7c892_20150209-twt05-workplacereax	9
1_2fb5e2affb90eae4a57febcfe4e7c892	Jim Byrnes trade union commision	a35d320258f3cecf94fb65c55a439a5d	20141220-am07-cfmeu	audio_manual	audio_manual/1_2fb5e2affb90eae4a57febcfe4e7c892_20141220-am07-cfmeu	10
3_4b0cd3497690108467b59635b8b674d4	Clive James poetry new book voice Japanese Maple	4b0cd3497690108467b59635b8b674d4	20141125-pm05-clivejames	audio_manual	audio_manual/3_4b0cd3497690108467b59635b8b674d4_20141125-pm05-clivejames	1
3_4b0cd3497690108467b59635b8b674d4	Clive James poetry new book voice Japanese Maple	ebe2d4b23a734557b4ea473f40c33054	20142512-sos-clivejames	audio_manual	audio_manual/3_4b0cd3497690108467b59635b8b674d4_20142512-sos-clivejames	2
3_4b0cd3497690108467b59635b8b674d4	Clive James poetry new book voice Japanese Maple	46bcaf47ce9f84a7231ca557cb122ab4	20141209-am07-japan-secrets	audio_manual	audio_manual/3_4b0cd3497690108467b59635b8b674d4_20141209-am07-japan-secrets	3
3_4b0cd3497690108467b59635b8b674d4	Clive James poetry new book voice Japanese Maple	cfb7f1962de3a9d2320c7245ba29c7e2	20141016-am08-japanesecuisine	audio_manual	audio_manual/3_4b0cd3497690108467b59635b8b674d4_20141016-am08-japanesecuisine	4
3_4b0cd3497690108467b59635b8b674d4	Clive James poetry new book voice Japanese Maple	fd16d9f726395c60b729970d7efb6127	20150327-pm10-subspromise	audio_manual	audio_manual/3_4b0cd3497690108467b59635b8b674d4_20150327-pm10-subspromise	5
3_4b0cd3497690108467b59635b8b674d4	Clive James poetry new book voice Japanese Maple	85a8420c5a2b2c393331d52b0a1caa45	20141021-am08-womenministers	audio_manual	audio_manual/3_4b0cd3497690108467b59635b8b674d4_20141021-am08-womenministers	6
3_4b0cd3497690108467b59635b8b674d4	Clive James poetry new book voice Japanese Maple	5e13a29f9a1c896c899faa6d8e7f2f46	20141215-twt04-terroranalyst	audio_manual	audio_manual/3_4b0cd3497690108467b59635b8b674d4_20141215-twt04-terroranalyst	7
3_4b0cd3497690108467b59635b8b674d4	Clive James poetry new book voice Japanese Maple	68108a0ebc07bbc308400b5111597382	20141018-sam05-sexistacademics	audio_manual	audio_manual/3_4b0cd3497690108467b59635b8b674d4_20141018-sam05-sexistacademics	8
3_4b0cd3497690108467b59635b8b674d4	Clive James poetry new book voice Japanese Maple	9760fd2cc11acfca3dcde285f365bfd3	20141101-sam03-uniculture	audio_manual	audio_manual/3_4b0cd3497690108467b59635b8b674d4_20141101-sam03-uniculture	9
3_4b0cd3497690108467b59635b8b674d4	Clive James poetry new book voice Japanese Maple	c3241b48da5574eecbfd8179a50c03ad	20141218-pm06-spurrquits	audio_manual	audio_manual/3_4b0cd3497690108467b59635b8b674d4_20141218-pm06-spurrquits	10
0_5f7f3b29f264023e003de0db4a787e40	productivity commission's report_childcare system	5f7f3b29f264023e003de0db4a787e40	20150220-twt01-childcarepols	audio_manual	audio_manual/0_5f7f3b29f264023e003de0db4a787e40_20150220-twt01-childcarepols	1
0_5f7f3b29f264023e003de0db4a787e40	productivity commission's report_childcare system	6212178bd1d20aba5e62bb288cffc2da	20141120-twt03-ACCCCFMEU	audio_manual	audio_manual/0_5f7f3b29f264023e003de0db4a787e40_20141120-twt03-ACCCCFMEU	2
0_5f7f3b29f264023e003de0db4a787e40	productivity commission's report_childcare system	f8d8a7f6b45151cb637a11c876044727	20150212-am02-morrison	audio_manual	audio_manual/0_5f7f3b29f264023e003de0db4a787e40_20150212-am02-morrison	3
0_5f7f3b29f264023e003de0db4a787e40	productivity commission's report_childcare system	2318bcdfc1c2a2df63f2f7f8f2a5ccd1	20141208-pm02-murrayinquiry	audio_manual	audio_manual/0_5f7f3b29f264023e003de0db4a787e40_20141208-pm02-murrayinquiry	4
0_5f7f3b29f264023e003de0db4a787e40	productivity commission's report_childcare system	a35d320258f3cecf94fb65c55a439a5d	20141220-am07-cfmeu	audio_manual	audio_manual/0_5f7f3b29f264023e003de0db4a787e40_20141220-am07-cfmeu	5
0_5f7f3b29f264023e003de0db4a787e40	productivity commission's report_childcare system	ca6b0aa8d55218671fbc542140fd5262	20141118-pm08-meshaction	audio_manual	audio_manual/0_5f7f3b29f264023e003de0db4a787e40_20141118-pm08-meshaction	6
0_5f7f3b29f264023e003de0db4a787e40	productivity commission's report_childcare system	82419296fcc3b476acabc9da8d63f9e6	20141104-twt10-pasturepests	audio_manual	audio_manual/0_5f7f3b29f264023e003de0db4a787e40_20141104-twt10-pasturepests	7
0_5f7f3b29f264023e003de0db4a787e40	productivity commission's report_childcare system	25dd60cb8fa9ad5f68e620b42befa813	20141208-pm03-consumerfsi	audio_manual	audio_manual/0_5f7f3b29f264023e003de0db4a787e40_20141208-pm03-consumerfsi	8
0_5f7f3b29f264023e003de0db4a787e40	productivity commission's report_childcare system	11697f491f88ad0f6d963be77cef06fc	20141027-pm09-foodlabelling	audio_manual	audio_manual/0_5f7f3b29f264023e003de0db4a787e40_20141027-pm09-foodlabelling	9
0_5f7f3b29f264023e003de0db4a787e40	productivity commission's report_childcare system	479e076901716a4e497c00d19f9436c7	20150202-pm04-abbottchildcare	audio_manual	audio_manual/0_5f7f3b29f264023e003de0db4a787e40_20150202-pm04-abbottchildcare	10
2_6fb77da40736a0ad269525fbbe27cf08	bangkok bombing	6fb77da40736a0ad269525fbbe27cf08	20150203-rnam04-thailandunrest	audio_manual	audio_manual/2_6fb77da40736a0ad269525fbbe27cf08_20150203-rnam04-thailandunrest	1
2_6fb77da40736a0ad269525fbbe27cf08	bangkok bombing	8ae1346fac8d0b760eea41eb58d3bf03	20150207-cr-03-thailand	audio_manual	audio_manual/2_6fb77da40736a0ad269525fbbe27cf08_20150207-cr-03-thailand	2
2_6fb77da40736a0ad269525fbbe27cf08	bangkok bombing	38f3051bf46ff86d4121535ccdd499ba	20141210-twt08-hambalitortorture	audio_manual	audio_manual/2_6fb77da40736a0ad269525fbbe27cf08_20141210-twt08-hambalitortorture	3
2_6fb77da40736a0ad269525fbbe27cf08	bangkok bombing	c2753eb53b1e0c3bf43bb592c61da1ba	20150401-rnam03-bostontrialrpl	audio_manual	audio_manual/2_6fb77da40736a0ad269525fbbe27cf08_20150401-rnam03-bostontrialrpl	4
2_6fb77da40736a0ad269525fbbe27cf08	bangkok bombing	c33653c4c7d6f87262abc5a249f56b4c	20150327-am05-yemenattacksrpl	audio_manual	audio_manual/2_6fb77da40736a0ad269525fbbe27cf08_20150327-am05-yemenattacksrpl	5
2_6fb77da40736a0ad269525fbbe27cf08	bangkok bombing	adfa21e6a4d2e5196e085e68fdaab02b	20150305-rnam04-bostombombtrial	audio_manual	audio_manual/2_6fb77da40736a0ad269525fbbe27cf08_20150305-rnam04-bostombombtrial	6
2_6fb77da40736a0ad269525fbbe27cf08	bangkok bombing	140b842960ca0e6d0a81b0bc8e81afa9	20150309-am08-tokyofirebombings	audio_manual	audio_manual/2_6fb77da40736a0ad269525fbbe27cf08_20150309-am08-tokyofirebombings	7
2_6fb77da40736a0ad269525fbbe27cf08	bangkok bombing	86b8be512b0c02f362dcdecc0ab7a02e	20141013-am06-iraqis	audio_manual	audio_manual/2_6fb77da40736a0ad269525fbbe27cf08_20141013-am06-iraqis	8
2_6fb77da40736a0ad269525fbbe27cf08	bangkok bombing	21575fa483c63baca9a3948dd20dfd4e	20150313-eam01-iraqibattles	audio_manual	audio_manual/2_6fb77da40736a0ad269525fbbe27cf08_20150313-eam01-iraqibattles	9
2_6fb77da40736a0ad269525fbbe27cf08	bangkok bombing	2e1f762dda50cd63653dc4770e557c0b	20150312-pm01-bilardiunpacked	audio_manual	audio_manual/2_6fb77da40736a0ad269525fbbe27cf08_20150312-pm01-bilardiunpacked	10
3_7a82939469671ecb72cd20641459fc67	Kim Jong-un 69th anniversary of the ruling Workers' Party	7a82939469671ecb72cd20641459fc67	20141010-twt09-where-s-kim	audio_manual	audio_manual/3_7a82939469671ecb72cd20641459fc67_20141010-twt09-where-s-kim	1
3_7a82939469671ecb72cd20641459fc67	Kim Jong-un 69th anniversary of the ruling Workers' Party	8bcc3765ba4d798ee43b6550723e321a	20141205-twt09-kimname	audio_manual	audio_manual/3_7a82939469671ecb72cd20641459fc67_20141205-twt09-kimname	2
3_7a82939469671ecb72cd20641459fc67	Kim Jong-un 69th anniversary of the ruling Workers' Party	ca22c7069e56d7a71375d5125177db8b	20141014-twt08-kimappears	audio_manual	audio_manual/3_7a82939469671ecb72cd20641459fc67_20141014-twt08-kimappears	3
3_7a82939469671ecb72cd20641459fc67	Kim Jong-un 69th anniversary of the ruling Workers' Party	8aeaab381d335de56e4c430006962e23	20141007-twt02-colescasuals	audio_manual	audio_manual/3_7a82939469671ecb72cd20641459fc67_20141007-twt02-colescasuals	4
3_7a82939469671ecb72cd20641459fc67	Kim Jong-un 69th anniversary of the ruling Workers' Party	e1cbfaf62302963cf375e330765dcff2	20141119-twt02-financialchanges	audio_manual	audio_manual/3_7a82939469671ecb72cd20641459fc67_20141119-twt02-financialchanges	5
3_7a82939469671ecb72cd20641459fc67	Kim Jong-un 69th anniversary of the ruling Workers' Party	fdfc0b00b46f9f9b3a2bd95d29a03740	20150203-am03-macfarlaneiv	audio_manual	audio_manual/3_7a82939469671ecb72cd20641459fc67_20150203-am03-macfarlaneiv	6
3_7a82939469671ecb72cd20641459fc67	Kim Jong-un 69th anniversary of the ruling Workers' Party	ba9e005b95ce7bbb3d87b8da90f97d26	20150210-pm11-nigeriaelection	audio_manual	audio_manual/3_7a82939469671ecb72cd20641459fc67_20150210-pm11-nigeriaelection	7
3_7a82939469671ecb72cd20641459fc67	Kim Jong-un 69th anniversary of the ruling Workers' Party	24cf7d44361f8ea94be2a9b3bc9b612	20150326-pm04-offshorevisas	audio_manual	audio_manual/3_7a82939469671ecb72cd20641459fc67_20150326-pm04-offshorevisas	8
3_7a82939469671ecb72cd20641459fc67	Kim Jong-un 69th anniversary of the ruling Workers' Party	59a5d42ffa16087458401e8dcb0ba327	20150206-twt09-bushfirepayout	audio_manual	audio_manual/3_7a82939469671ecb72cd20641459fc67_20150206-twt09-bushfirepayout	9
3_7a82939469671ecb72cd20641459fc67	Kim Jong-un 69th anniversary of the ruling Workers' Party	2e9f6cc5022dd40f2b2228f5763b4c71	20150324-twt03-educationspending	audio_manual	audio_manual/3_7a82939469671ecb72cd20641459fc67_20150324-twt03-educationspending	10
1_7b62064f74efab3b08e799921e33cd07	Black Saturday AusNet payout	59a5d42ffa16087458401e8dcb0ba327	20150206-twt09-bushfirepayout	audio_manual	audio_manual/1_7b62064f74efab3b08e799921e33cd07_20150206-twt09-bushfirepayout	1
1_7b62064f74efab3b08e799921e33cd07	Black Saturday AusNet payout	7b62064f74efab3b08e799921e33cd07	20150206-pm05-ausnetcompo	audio_manual	audio_manual/1_7b62064f74efab3b08e799921e33cd07_20150206-pm05-ausnetcompo	2
1_7b62064f74efab3b08e799921e33cd07	Black Saturday AusNet payout	97d0c86cc901e16563dcb0f52761bd08	20141110-pm09-firepreview	audio_manual	audio_manual/1_7b62064f74efab3b08e799921e33cd07_20141110-pm09-firepreview	3
1_7b62064f74efab3b08e799921e33cd07	Black Saturday AusNet payout	fee0a8814a6d60ab897f37b68e290718	20141008-twt05-baddividents	audio_manual	audio_manual/1_7b62064f74efab3b08e799921e33cd07_20141008-twt05-baddividents	4
1_7b62064f74efab3b08e799921e33cd07	Black Saturday AusNet payout	ca90562731d0816ed6f09f8abf4af62c	20150213-eam03-rioprofit	audio_manual	audio_manual/1_7b62064f74efab3b08e799921e33cd07_20150213-eam03-rioprofit	5
1_7b62064f74efab3b08e799921e33cd07	Black Saturday AusNet payout	7e5cda2d3f61b2de094e2e3eec6eadb0	20150328-sam06-agripaper	audio_manual	audio_manual/1_7b62064f74efab3b08e799921e33cd07_20150328-sam06-agripaper	6
1_7b62064f74efab3b08e799921e33cd07	Black Saturday AusNet payout	35c9ca70bfd63579a4f1f5995881fec2	20141031-eam03-anzaccentenary	audio_manual	audio_manual/1_7b62064f74efab3b08e799921e33cd07_20141031-eam03-anzaccentenary	7
1_7b62064f74efab3b08e799921e33cd07	Black Saturday AusNet payout	3161db5189a02c45644a5b16ee82b899	20141118-pm10-whithersobit	audio_manual	audio_manual/1_7b62064f74efab3b08e799921e33cd07_20141118-pm10-whithersobit	8
1_7b62064f74efab3b08e799921e33cd07	Black Saturday AusNet payout	75e69d461d17b17aa2d3af8de0b3ef71	20150317-twt08-boxingdeath	audio_manual	audio_manual/1_7b62064f74efab3b08e799921e33cd07_20150317-twt08-boxingdeath	9
1_7b62064f74efab3b08e799921e33cd07	Black Saturday AusNet payout	180ef793063022d0fe3aa352c8dece62	20141220-am04-bonitamersiades	audio_manual	audio_manual/1_7b62064f74efab3b08e799921e33cd07_20141220-am04-bonitamersiades	10
1_16a5aeb80231da572d417ad1a5fadfe7	Freedom Ride Perkins	ac46b26e8ef3b971959e410108801c88	20150216-eam03-freedomrides	audio_manual	audio_manual/1_16a5aeb80231da572d417ad1a5fadfe7_20150216-eam03-freedomrides	1
1_16a5aeb80231da572d417ad1a5fadfe7	Freedom Ride Perkins	16a5aeb80231da572d417ad1a5fadfe7	20150217-pm06-geraldstoneivrpl	audio_manual	audio_manual/1_16a5aeb80231da572d417ad1a5fadfe7_20150217-pm06-geraldstoneivrpl	2
1_16a5aeb80231da572d417ad1a5fadfe7	Freedom Ride Perkins	87ccee60d4f5ed6ea773bce5d3717092	20150218-am07-freedomleaves	audio_manual	audio_manual/1_16a5aeb80231da572d417ad1a5fadfe7_20150218-am07-freedomleaves	3
1_16a5aeb80231da572d417ad1a5fadfe7	Freedom Ride Perkins	84af6b0a20481c9ea2162bc9c331e710	20150220-rnam05-moreepreview	audio_manual	audio_manual/1_16a5aeb80231da572d417ad1a5fadfe7_20150220-rnam05-moreepreview	4
1_16a5aeb80231da572d417ad1a5fadfe7	Freedom Ride Perkins	8ecfc946d83ff04eca51d39d42f35338	20150216-twt10-morefreedom	audio_manual	audio_manual/1_16a5aeb80231da572d417ad1a5fadfe7_20150216-twt10-morefreedom	5
1_16a5aeb80231da572d417ad1a5fadfe7	Freedom Ride Perkins	9a2a8c784ff3d7d0a3159f4d6f8bb174	20131031-twt08-ebolanurse	audio_manual	audio_manual/1_16a5aeb80231da572d417ad1a5fadfe7_20131031-twt08-ebolanurse	6
1_16a5aeb80231da572d417ad1a5fadfe7	Freedom Ride Perkins	1fea6f593e59f15573594ff721a108bf	20140207-sam-07-skateboards	audio_manual	audio_manual/1_16a5aeb80231da572d417ad1a5fadfe7_20140207-sam-07-skateboards	7
1_16a5aeb80231da572d417ad1a5fadfe7	Freedom Ride Perkins	7b5c9b6ef229aaa698fafc6e295ed42b	20150309-twt03-balilatest	audio_manual	audio_manual/1_16a5aeb80231da572d417ad1a5fadfe7_20150309-twt03-balilatest	8
1_16a5aeb80231da572d417ad1a5fadfe7	Freedom Ride Perkins	19fea3955328892076428c59e91d819c	20150309-pm10-canetoads	audio_manual	audio_manual/1_16a5aeb80231da572d417ad1a5fadfe7_20150309-pm10-canetoads	9
1_16a5aeb80231da572d417ad1a5fadfe7	Freedom Ride Perkins	1ed694cdc383b6f52199406e58f731e3	20141024-eam02-murdochcensorshiprpl	audio_manual	audio_manual/1_16a5aeb80231da572d417ad1a5fadfe7_20141024-eam02-murdochcensorshiprpl	10
2_33e6d6777f3f00bcab0618de79c1ef89	ABS accepts recommendations	33e6d6777f3f00bcab0618de79c1ef89	20141209-pm10-absreport	audio_manual	audio_manual/2_33e6d6777f3f00bcab0618de79c1ef89_20141209-pm10-absreport	1
2_33e6d6777f3f00bcab0618de79c1ef89	ABS accepts recommendations	5c33467cefeeba65f1ae75dd728837e	20141017-twt06-brandisiv	audio_manual	audio_manual/2_33e6d6777f3f00bcab0618de79c1ef89_20141017-twt06-brandisiv	2
2_33e6d6777f3f00bcab0618de79c1ef89	ABS accepts recommendations	dbae99556473ba28fd90c7a24a2b61f3	20150401-rnam01-ianharperiv	audio_manual	audio_manual/2_33e6d6777f3f00bcab0618de79c1ef89_20150401-rnam01-ianharperiv	3
2_33e6d6777f3f00bcab0618de79c1ef89	ABS accepts recommendations	7dd028fd55dd49f8a6c25b52232e74f3	20141119-eam03-japanelections	audio_manual	audio_manual/2_33e6d6777f3f00bcab0618de79c1ef89_20141119-eam03-japanelections	4
2_33e6d6777f3f00bcab0618de79c1ef89	ABS accepts recommendations	a0507d6f53e4403ffd0e6188cc70dad0	20141203-pm09-mecicineapprovals	audio_manual	audio_manual/2_33e6d6777f3f00bcab0618de79c1ef89_20141203-pm09-mecicineapprovals	5
2_33e6d6777f3f00bcab0618de79c1ef89	ABS accepts recommendations	7cb8ae15a7174e073fc40377da54c8f5	20150401-twt01-brucecompetition	audio_manual	audio_manual/2_33e6d6777f3f00bcab0618de79c1ef89_20150401-twt01-brucecompetition	6
2_33e6d6777f3f00bcab0618de79c1ef89	ABS accepts recommendations	36dbb9b519141c5354738ab5c9bf361f	20141017-twt05-foreignfighters	audio_manual	audio_manual/2_33e6d6777f3f00bcab0618de79c1ef89_20141017-twt05-foreignfighters	7
2_33e6d6777f3f00bcab0618de79c1ef89	ABS accepts recommendations	1cfa98ccb84d7a4146e83c534f731827	20141009-rnam03-ryanabs	audio_manual	audio_manual/2_33e6d6777f3f00bcab0618de79c1ef89_20141009-rnam03-ryanabs	8
2_33e6d6777f3f00bcab0618de79c1ef89	ABS accepts recommendations	b6f7fc76e7850398768cc82c4f4eef42	20141104-twt05-unionabbott	audio_manual	audio_manual/2_33e6d6777f3f00bcab0618de79c1ef89_20141104-twt05-unionabbott	9
2_33e6d6777f3f00bcab0618de79c1ef89	ABS accepts recommendations	d2e749c402d77847a64d2b09d29321b0	20141213-am07-japan	audio_manual	audio_manual/2_33e6d6777f3f00bcab0618de79c1ef89_20141213-am07-japan	10
0_7651ce82f1625db7a03974e5f6d47a66	floral tribute martin place	556976dd99b275f62ca8a2b5e23c9b2b	20141219-pm06-martintribute	audio_manual	audio_manual/0_7651ce82f1625db7a03974e5f6d47a66_20141219-pm06-martintribute	1
0_7651ce82f1625db7a03974e5f6d47a66	floral tribute martin place	d9179726d6b645c885269451891dcf1a	20141218-twt03-siegethursday	audio_manual	audio_manual/0_7651ce82f1625db7a03974e5f6d47a66_20141218-twt03-siegethursday	2
0_7651ce82f1625db7a03974e5f6d47a66	floral tribute martin place	7651ce82f1625db7a03974e5f6d47a66	20141216-twt03-martinplacetribute	audio_manual	audio_manual/0_7651ce82f1625db7a03974e5f6d47a66_20141216-twt03-martinplacetribute	3
0_7651ce82f1625db7a03974e5f6d47a66	floral tribute martin place	34624b1831c1099da0b05753f501643	20141216-pm02-muslimsmartinplace	audio_manual	audio_manual/0_7651ce82f1625db7a03974e5f6d47a66_20141216-pm02-muslimsmartinplace	4
0_7651ce82f1625db7a03974e5f6d47a66	floral tribute martin place	655675bc4a558d0f3efb2714c2f5e972	20141216-pm01-siegetribute	audio_manual	audio_manual/0_7651ce82f1625db7a03974e5f6d47a66_20141216-pm01-siegetribute	5
0_7651ce82f1625db7a03974e5f6d47a66	floral tribute martin place	a5d0df31047c6ea825e8f88fe8f0e8ae	20141217-twt04-johnobrian	audio_manual	audio_manual/0_7651ce82f1625db7a03974e5f6d47a66_20141217-twt04-johnobrian	6
0_7651ce82f1625db7a03974e5f6d47a66	floral tribute martin place	c0ba0f60580bba3b396dc21c6c215644	20141219-twt02-sydneysiegefridayrpl	audio_manual	audio_manual/0_7651ce82f1625db7a03974e5f6d47a66_20141219-twt02-sydneysiegefridayrpl	7
0_7651ce82f1625db7a03974e5f6d47a66	floral tribute martin place	cb4d265aa16dd318be703bdfdb6aa752	20141215-twt2-abbottpenguin-RPL	audio_manual	audio_manual/0_7651ce82f1625db7a03974e5f6d47a66_20141215-twt2-abbottpenguin-RPL	8
0_7651ce82f1625db7a03974e5f6d47a66	floral tribute martin place	18d76c229a6ed307ed130fbeae591e4d	20141215-twt3-lindtworker-RPL	audio_manual	audio_manual/0_7651ce82f1625db7a03974e5f6d47a66_20141215-twt3-lindtworker-RPL	9
0_7651ce82f1625db7a03974e5f6d47a66	floral tribute martin place	86c90bf9dd9a890b71ea55bb847584eb	20141218-twt01-gunsfollow	audio_manual	audio_manual/0_7651ce82f1625db7a03974e5f6d47a66_20141218-twt01-gunsfollow	10
3_38099afc5500bf2361a91e5761557ad2	US police shoot 12 year old boy toy gun	38099afc5500bf2361a91e5761557ad2	20141213-am03-autopsy	audio_manual	audio_manual/3_38099afc5500bf2361a91e5761557ad2_20141213-am03-autopsy	1
3_38099afc5500bf2361a91e5761557ad2	US police shoot 12 year old boy toy gun	83b679331551ae26782fdfcbcf29341a	20141127-am05-kiddeath	audio_manual	audio_manual/3_38099afc5500bf2361a91e5761557ad2_20141127-am05-kiddeath	2
3_38099afc5500bf2361a91e5761557ad2	US police shoot 12 year old boy toy gun	4d69c6814f82f5d64971b8c1f27eeab7	20150311-twt07-isgirls	audio_manual	audio_manual/3_38099afc5500bf2361a91e5761557ad2_20150311-twt07-isgirls	3
3_38099afc5500bf2361a91e5761557ad2	US police shoot 12 year old boy toy gun	e9a8fff07e9ab23e65cd846f62890d43	20141125-pm01-fergusonverdict	audio_manual	audio_manual/3_38099afc5500bf2361a91e5761557ad2_20141125-pm01-fergusonverdict	4
3_38099afc5500bf2361a91e5761557ad2	US police shoot 12 year old boy toy gun	61e849573069ae02ce71f05061d99cc	20141125-twt06-policeshootings	audio_manual	audio_manual/3_38099afc5500bf2361a91e5761557ad2_20141125-twt06-policeshootings	5
3_38099afc5500bf2361a91e5761557ad2	US police shoot 12 year old boy toy gun	44244b2edc50e95a01476942168c7f35	20150313-twt07-fergusonpolice	audio_manual	audio_manual/3_38099afc5500bf2361a91e5761557ad2_20150313-twt07-fergusonpolice	6
3_38099afc5500bf2361a91e5761557ad2	US police shoot 12 year old boy toy gun	2e73c481c4cc909a650cd46c173c046f	20150314-am04-fergusonsat	audio_manual	audio_manual/3_38099afc5500bf2361a91e5761557ad2_20150314-am04-fergusonsat	7
3_38099afc5500bf2361a91e5761557ad2	US police shoot 12 year old boy toy gun	508edf10d600afcd97a6e626dae025d7	20150226-am06-taserkids	audio_manual	audio_manual/3_38099afc5500bf2361a91e5761557ad2_20150226-am06-taserkids	8
3_38099afc5500bf2361a91e5761557ad2	US police shoot 12 year old boy toy gun	512ee194158489ba2c78ccb20ac58638	20141013-pm11-day1guns	audio_manual	audio_manual/3_38099afc5500bf2361a91e5761557ad2_20141013-pm11-day1guns	9
3_38099afc5500bf2361a91e5761557ad2	US police shoot 12 year old boy toy gun	80bdebbd538dac747d765d7723ffb22a	20150311-rnam02-philippinesabuse	audio_manual	audio_manual/3_38099afc5500bf2361a91e5761557ad2_20150311-rnam02-philippinesabuse	10
1_68553637fbdd970354aa3ab696199d86	Dog show Crufts controversy	68553637fbdd970354aa3ab696199d86	20150310-twt12-deaddog	audio_manual	audio_manual/1_68553637fbdd970354aa3ab696199d86_20150310-twt12-deaddog	1
1_68553637fbdd970354aa3ab696199d86	Dog show Crufts controversy	a6bb7ed2cc4a6132adadbd2e538269a3	20150315-cr03-murderatcrufts	audio_manual	audio_manual/1_68553637fbdd970354aa3ab696199d86_20150315-cr03-murderatcrufts	2
1_68553637fbdd970354aa3ab696199d86	Dog show Crufts controversy	b411442ff3b151ad143db87cff251f6f	20131031-twt10-obesitycostrpl	audio_manual	audio_manual/1_68553637fbdd970354aa3ab696199d86_20131031-twt10-obesitycostrpl	3
1_68553637fbdd970354aa3ab696199d86	Dog show Crufts controversy	ff434d9dc801d2234666cc5741e6b013	20141116-cr03-poppies	audio_manual	audio_manual/1_68553637fbdd970354aa3ab696199d86_20141116-cr03-poppies	4
1_68553637fbdd970354aa3ab696199d86	Dog show Crufts controversy	6175a053789cb42c3554d00ce3222b60	20150217-twt05-greyhoundfallout	audio_manual	audio_manual/1_68553637fbdd970354aa3ab696199d86_20150217-twt05-greyhoundfallout	5
1_68553637fbdd970354aa3ab696199d86	Dog show Crufts controversy	e187bf84701f6f06c3ca84354ce98bdf	20141215-pm10-eastwestcase	audio_manual	audio_manual/1_68553637fbdd970354aa3ab696199d86_20141215-pm10-eastwestcase	6
1_68553637fbdd970354aa3ab696199d86	Dog show Crufts controversy	ea8dc889e15d85877af415a4a5a60990	20150302-twt01-mentalhealth	audio_manual	audio_manual/1_68553637fbdd970354aa3ab696199d86_20150302-twt01-mentalhealth	7
1_68553637fbdd970354aa3ab696199d86	Dog show Crufts controversy	9b6ce3e5a62d2490a3a8e8bcef1f4389	20150311-twt06-hilaryqanda	audio_manual	audio_manual/1_68553637fbdd970354aa3ab696199d86_20150311-twt06-hilaryqanda	8
1_68553637fbdd970354aa3ab696199d86	Dog show Crufts controversy	7bd425179951becfa62b4f12568e9d6c	20141124-twt10-koaladog	audio_manual	audio_manual/1_68553637fbdd970354aa3ab696199d86_20141124-twt10-koaladog	9
1_68553637fbdd970354aa3ab696199d86	Dog show Crufts controversy	bb9234b1fa8dabf42e752949bd5bda1b	20150320-twt09-pakexecutions	audio_manual	audio_manual/1_68553637fbdd970354aa3ab696199d86_20150320-twt09-pakexecutions	10
0_a6d7e7357dcdc4c796a1e7409a2f18c7	australian arrested in bali to be executed	fa80cdb35acfc3f8c315c8d7114b78a7	20150218-twt01-balininevigil	audio_manual	audio_manual/0_a6d7e7357dcdc4c796a1e7409a2f18c7_20150218-twt01-balininevigil	1
0_a6d7e7357dcdc4c796a1e7409a2f18c7	australian arrested in bali to be executed	a6d7e7357dcdc4c796a1e7409a2f18c7	20150226-twt04-georgeqna	audio_manual	audio_manual/0_a6d7e7357dcdc4c796a1e7409a2f18c7_20150226-twt04-georgeqna	2
0_a6d7e7357dcdc4c796a1e7409a2f18c7	australian arrested in bali to be executed	f58b60cc90043af51b3a040015afb3ae	20150306-twt03-gregjenett	audio_manual	audio_manual/0_a6d7e7357dcdc4c796a1e7409a2f18c7_20150306-twt03-gregjenett	3
0_a6d7e7357dcdc4c796a1e7409a2f18c7	australian arrested in bali to be executed	dd2d74fdfbfb3934f5793d128e392e3a	20150216-pm04-balilive	audio_manual	audio_manual/0_a6d7e7357dcdc4c796a1e7409a2f18c7_20150216-pm04-balilive	4
0_a6d7e7357dcdc4c796a1e7409a2f18c7	australian arrested in bali to be executed	d5ec861f6d94a2d472ea900401e71095	20150304-twt02-baligeorge	audio_manual	audio_manual/0_a6d7e7357dcdc4c796a1e7409a2f18c7_20150304-twt02-baligeorge	5
0_a6d7e7357dcdc4c796a1e7409a2f18c7	australian arrested in bali to be executed	612f5ac45e0c899b164fc00d42bb824d	20150304-twt03-balipetermorrisey	audio_manual	audio_manual/0_a6d7e7357dcdc4c796a1e7409a2f18c7_20150304-twt03-balipetermorrisey	6
0_a6d7e7357dcdc4c796a1e7409a2f18c7	australian arrested in bali to be executed	86919e2a75ea2c2c8ad734b34ecbf24	20150228-cr01-balinine	audio_manual	audio_manual/0_a6d7e7357dcdc4c796a1e7409a2f18c7_20150228-cr01-balinine	7
0_a6d7e7357dcdc4c796a1e7409a2f18c7	australian arrested in bali to be executed	dff38b8bb0cb1455ae812315cc37bb4c	20150216-am02-balicross	audio_manual	audio_manual/0_a6d7e7357dcdc4c796a1e7409a2f18c7_20150216-am02-balicross	8
0_a6d7e7357dcdc4c796a1e7409a2f18c7	australian arrested in bali to be executed	10a24da47400132fdb9bce6bf4cdd2c8	20150205-twt02-balicraven	audio_manual	audio_manual/0_a6d7e7357dcdc4c796a1e7409a2f18c7_20150205-twt02-balicraven	9
0_a6d7e7357dcdc4c796a1e7409a2f18c7	australian arrested in bali to be executed	c6de2067b5296c2ee3ad8dd1eebca966	20150212-pm01-baliplea	audio_manual	audio_manual/0_a6d7e7357dcdc4c796a1e7409a2f18c7_20150212-pm01-baliplea	10
2_aa5f28277aff96ab167725128252d7fe	hospital bed shortage adelaide	aa5f28277aff96ab167725128252d7fe	20141021-twt10-mentalshortage	audio_manual	audio_manual/2_aa5f28277aff96ab167725128252d7fe_20141021-twt10-mentalshortage	1
2_aa5f28277aff96ab167725128252d7fe	hospital bed shortage adelaide	19688a41cb25c30364c145400a7fd959	20141015-twt09-bedshortage	audio_manual	audio_manual/2_aa5f28277aff96ab167725128252d7fe_20141015-twt09-bedshortage	2
2_aa5f28277aff96ab167725128252d7fe	hospital bed shortage adelaide	ce3fbe6c6141d78f5a8a3d3f48bcfa55	20141106-rnam01-ebolareax	audio_manual	audio_manual/2_aa5f28277aff96ab167725128252d7fe_20141106-rnam01-ebolareax	3
2_aa5f28277aff96ab167725128252d7fe	hospital bed shortage adelaide	955b641156c2f37f3bab14366b67a76d	20150204-pm08-samental	audio_manual	audio_manual/2_aa5f28277aff96ab167725128252d7fe_20150204-pm08-samental	4
2_aa5f28277aff96ab167725128252d7fe	hospital bed shortage adelaide	ee54957924378e397fab77a5bef17e9f	20141027-am02-ebolaiv	audio_manual	audio_manual/2_aa5f28277aff96ab167725128252d7fe_20141027-am02-ebolaiv	5
2_aa5f28277aff96ab167725128252d7fe	hospital bed shortage adelaide	ccffd31190dde829275028808345555f	20141120-pm08-postnatal	audio_manual	audio_manual/2_aa5f28277aff96ab167725128252d7fe_20141120-pm08-postnatal	6
2_aa5f28277aff96ab167725128252d7fe	hospital bed shortage adelaide	dc695e0f2e5e25509cc7fc1b2eeb599	20141105-pm02-ebola24m	audio_manual	audio_manual/2_aa5f28277aff96ab167725128252d7fe_20141105-pm02-ebola24m	7
2_aa5f28277aff96ab167725128252d7fe	hospital bed shortage adelaide	c5a5dec8cbd17eaff3263816104ad1d2	20141017-twt01-ebolacrisis	audio_manual	audio_manual/2_aa5f28277aff96ab167725128252d7fe_20141017-twt01-ebolacrisis	8
2_aa5f28277aff96ab167725128252d7fe	hospital bed shortage adelaide	3179192bde250810169e5606b7b3ba39	20141009-pm05gpcopayment	audio_manual	audio_manual/2_aa5f28277aff96ab167725128252d7fe_20141009-pm05gpcopayment	9
2_aa5f28277aff96ab167725128252d7fe	hospital bed shortage adelaide	d6af3490ea167d5371b22040f30f077	20150216-twt05-cricketbrawl	audio_manual	audio_manual/2_aa5f28277aff96ab167725128252d7fe_20150216-twt05-cricketbrawl	10
2_b99feeb38be53d1090f6022b770ddee1	adelaide fringe festival	d1790ccd0e01f83384f209a46d262378	20150219-twt11-mentalplay	audio_manual	audio_manual/2_b99feeb38be53d1090f6022b770ddee1_20150219-twt11-mentalplay	1
2_b99feeb38be53d1090f6022b770ddee1	adelaide fringe festival	b99feeb38be53d1090f6022b770ddee1	20150213-twt11-blindparade	audio_manual	audio_manual/2_b99feeb38be53d1090f6022b770ddee1_20150213-twt11-blindparade	2
2_b99feeb38be53d1090f6022b770ddee1	adelaide fringe festival	a04a11096d4e09589dd92f712e04fafb	20141115-sam07-feastfestival	audio_manual	audio_manual/2_b99feeb38be53d1090f6022b770ddee1_20141115-sam07-feastfestival	3
2_b99feeb38be53d1090f6022b770ddee1	adelaide fringe festival	9bb6fa332ef6de9ab5003c5e292a093f	20141128-pm08-huntfestguns	audio_manual	audio_manual/2_b99feeb38be53d1090f6022b770ddee1_20141128-pm08-huntfestguns	4
2_b99feeb38be53d1090f6022b770ddee1	adelaide fringe festival	9c5eaa75d17882996a4a22a8c8cf8	20141226-am05-christmastrash	audio_manual	audio_manual/2_b99feeb38be53d1090f6022b770ddee1_20141226-am05-christmastrash	5
2_b99feeb38be53d1090f6022b770ddee1	adelaide fringe festival	f600443dd9ac36cb45decc6b98d0536e	20150209-pm10-drugdeath	audio_manual	audio_manual/2_b99feeb38be53d1090f6022b770ddee1_20150209-pm10-drugdeath	6
2_b99feeb38be53d1090f6022b770ddee1	adelaide fringe festival	5f7fc30efe2232ca81560168913614e	20141126-twt-hugheslatest	audio_manual	audio_manual/2_b99feeb38be53d1090f6022b770ddee1_20141126-twt-hugheslatest	7
2_b99feeb38be53d1090f6022b770ddee1	adelaide fringe festival	bc0f110fce65fe9c891a2cd27cfbae6d	20150220-eam03-icehouse	audio_manual	audio_manual/2_b99feeb38be53d1090f6022b770ddee1_20150220-eam03-icehouse	8
2_b99feeb38be53d1090f6022b770ddee1	adelaide fringe festival	22e582e40f3b145fbde3c73bdd17d831	20150209-pm11-boatliteracy	audio_manual	audio_manual/2_b99feeb38be53d1090f6022b770ddee1_20150209-pm11-boatliteracy	9
2_b99feeb38be53d1090f6022b770ddee1	adelaide fringe festival	d68f915b452f6a17135b5b7e480d5cab	20150219-am09-goatyear	audio_manual	audio_manual/2_b99feeb38be53d1090f6022b770ddee1_20150219-am09-goatyear	10
0_d1f9529b34d64e348705f0f0b9a30d10	aboriginal women died police custody	d1f9529b34d64e348705f0f0b9a30d10	20130204-twt10-inquestdelay	audio_manual	audio_manual/0_d1f9529b34d64e348705f0f0b9a30d10_20130204-twt10-inquestdelay	1
0_d1f9529b34d64e348705f0f0b9a30d10	aboriginal women died police custody	394616085a082e32bfef5f53584ce677	20142023-pm07-deathrally	audio_manual	audio_manual/0_d1f9529b34d64e348705f0f0b9a30d10_20142023-pm07-deathrally	2
0_d1f9529b34d64e348705f0f0b9a30d10	aboriginal women died police custody	d7d949b64821f63f9fc791ea2762b39	20141114-pm03-g20rallyrpl	audio_manual	audio_manual/0_d1f9529b34d64e348705f0f0b9a30d10_20141114-pm03-g20rallyrpl	3
0_d1f9529b34d64e348705f0f0b9a30d10	aboriginal women died police custody	1dfc566872139b30d110c603a3924f8e	20141023-rnam06-wadeathupdate	audio_manual	audio_manual/0_d1f9529b34d64e348705f0f0b9a30d10_20141023-rnam06-wadeathupdate	4
0_d1f9529b34d64e348705f0f0b9a30d10	aboriginal women died police custody	bd6b2cc11d7606038c41d6fdcb681a18	20141209-rnpm06-tangcoroners	audio_manual	audio_manual/0_d1f9529b34d64e348705f0f0b9a30d10_20141209-rnpm06-tangcoroners	5
0_d1f9529b34d64e348705f0f0b9a30d10	aboriginal women died police custody	77006aa1d595f8ce92d17b606c7c0efd	20141119-twt08-palmisland	audio_manual	audio_manual/0_d1f9529b34d64e348705f0f0b9a30d10_20141119-twt08-palmisland	6
0_d1f9529b34d64e348705f0f0b9a30d10	aboriginal women died police custody	8aa280c237301adc3598bfe1628d60a5	20141016-pm10-dvresponse	audio_manual	audio_manual/0_d1f9529b34d64e348705f0f0b9a30d10_20141016-pm10-dvresponse	7
0_d1f9529b34d64e348705f0f0b9a30d10	aboriginal women died police custody	4f6aa5f61da19e7443b774dff439f999	20150202-twt11-racefixing	audio_manual	audio_manual/0_d1f9529b34d64e348705f0f0b9a30d10_20150202-twt11-racefixing	8
0_d1f9529b34d64e348705f0f0b9a30d10	aboriginal women died police custody	f1b3ad0f151ab693f2124926825c5626	20141104-pm09-dvjail	audio_manual	audio_manual/0_d1f9529b34d64e348705f0f0b9a30d10_20141104-pm09-dvjail	9
0_d1f9529b34d64e348705f0f0b9a30d10	aboriginal women died police custody	377ea775a22d2aab929fbffe882e6fb	20141020-rnam04-bangladeshtrafficking	audio_manual	audio_manual/0_d1f9529b34d64e348705f0f0b9a30d10_20141020-rnam04-bangladeshtrafficking	10
1_d1395e9b76ef39fe30593feed32cf9c0	Germanwings Andreas Lubitz	d1395e9b76ef39fe30593feed32cf9c0	20150327-twt01-pilotprofile	audio_manual	audio_manual/1_d1395e9b76ef39fe30593feed32cf9c0_20150327-twt01-pilotprofile	1
1_d1395e9b76ef39fe30593feed32cf9c0	Germanwings Andreas Lubitz	96cca7b3653fcfc6ea0e38a7312331e0	20150327-eam01-crashshock	audio_manual	audio_manual/1_d1395e9b76ef39fe30593feed32cf9c0_20150327-eam01-crashshock	2
1_d1395e9b76ef39fe30593feed32cf9c0	Germanwings Andreas Lubitz	e0881a36f97af892cb7017774ce3642d	20150328-sam0102-crashpilotgermanpilot	audio_manual	audio_manual/1_d1395e9b76ef39fe30593feed32cf9c0_20150328-sam0102-crashpilotgermanpilot	3
1_d1395e9b76ef39fe30593feed32cf9c0	Germanwings Andreas Lubitz	3609d9f13622e227b9ed3cc159fabd01	20150331-eam01-suicidelubitz	audio_manual	audio_manual/1_d1395e9b76ef39fe30593feed32cf9c0_20150331-eam01-suicidelubitz	4
1_d1395e9b76ef39fe30593feed32cf9c0	Germanwings Andreas Lubitz	20397cc62952c9159306b287d0ca21ea	20150327-rnam02-planefollow	audio_manual	audio_manual/1_d1395e9b76ef39fe30593feed32cf9c0_20150327-rnam02-planefollow	5
1_d1395e9b76ef39fe30593feed32cf9c0	Germanwings Andreas Lubitz	5ad5c88cd31bb3cf23120310f0cf08c5	20150325-twt01-alpscrash	audio_manual	audio_manual/1_d1395e9b76ef39fe30593feed32cf9c0_20150325-twt01-alpscrash	6
1_d1395e9b76ef39fe30593feed32cf9c0	Germanwings Andreas Lubitz	28b89d702445c24971aba65ef68ee9e5	20150330-twt6-german-pregnantRPL	audio_manual	audio_manual/1_d1395e9b76ef39fe30593feed32cf9c0_20150330-twt6-german-pregnantRPL	7
1_d1395e9b76ef39fe30593feed32cf9c0	Germanwings Andreas Lubitz	8d2b8ed459f15dcb9aa5fd5c84e86318	20150330-pm01-cockpitsecurity	audio_manual	audio_manual/1_d1395e9b76ef39fe30593feed32cf9c0_20150330-pm01-cockpitsecurity	8
1_d1395e9b76ef39fe30593feed32cf9c0	Germanwings Andreas Lubitz	d332522cecfd5549d3da262fea416359	20150326-twt03-germanwingcrash	audio_manual	audio_manual/1_d1395e9b76ef39fe30593feed32cf9c0_20150326-twt03-germanwingcrash	9
1_d1395e9b76ef39fe30593feed32cf9c0	Germanwings Andreas Lubitz	a7234090c1dd4dcc00ce3ec1143505e4	20150330-rnam04-crashupdate	audio_manual	audio_manual/1_d1395e9b76ef39fe30593feed32cf9c0_20150330-rnam04-crashupdate	10
0_e7a6840bd6e9e54811331e097a55e9d0	cuba america_re-establishing diplomatic relations	bd0cb5b53450601e053f7ec3943b5b10	20141218-pm04cubalibre	audio_manual	audio_manual/0_e7a6840bd6e9e54811331e097a55e9d0_20141218-pm04cubalibre	1
0_e7a6840bd6e9e54811331e097a55e9d0	cuba america_re-establishing diplomatic relations	e7a6840bd6e9e54811331e097a55e9d0	20141218-twt05-yanquishavana	audio_manual	audio_manual/0_e7a6840bd6e9e54811331e097a55e9d0_20141218-twt05-yanquishavana	2
0_e7a6840bd6e9e54811331e097a55e9d0	cuba america_re-establishing diplomatic relations	cb9125cdd6b8a8c2d84a6ef987ee44fe	20141218-twt06-henkencuba	audio_manual	audio_manual/0_e7a6840bd6e9e54811331e097a55e9d0_20141218-twt06-henkencuba	3
0_e7a6840bd6e9e54811331e097a55e9d0	cuba america_re-establishing diplomatic relations	4b59c460b8d9cac6bebeb93667d9c8eb	20141218-am06-cubaobamarpl	audio_manual	audio_manual/0_e7a6840bd6e9e54811331e097a55e9d0_20141218-am06-cubaobamarpl	4
0_e7a6840bd6e9e54811331e097a55e9d0	cuba america_re-establishing diplomatic relations	620bd778f2498fa9606bf5ee7f656f7e	20141017-twt09-colomboplan	audio_manual	audio_manual/0_e7a6840bd6e9e54811331e097a55e9d0_20141017-twt09-colomboplan	5
0_e7a6840bd6e9e54811331e097a55e9d0	cuba america_re-establishing diplomatic relations	9d0e3228ca85ffd54cd7beed6f890a42	20141028-twt08-alcoholsummit	audio_manual	audio_manual/0_e7a6840bd6e9e54811331e097a55e9d0_20141028-twt08-alcoholsummit	6
0_e7a6840bd6e9e54811331e097a55e9d0	cuba america_re-establishing diplomatic relations	428968f4f9fac039e78590f657be824	20141014-pm01-russian-response	audio_manual	audio_manual/0_e7a6840bd6e9e54811331e097a55e9d0_20141014-pm01-russian-response	7
0_e7a6840bd6e9e54811331e097a55e9d0	cuba america_re-establishing diplomatic relations	30343491a77fec6c2bfdc6311b49ec8e	20141027-pm10-chocolatememory	audio_manual	audio_manual/0_e7a6840bd6e9e54811331e097a55e9d0_20141027-pm10-chocolatememory	8
0_e7a6840bd6e9e54811331e097a55e9d0	cuba america_re-establishing diplomatic relations	bc3e4fc2f317ca3a0e7e6b82c3e35f8a	20141021-pm07-goughchina	audio_manual	audio_manual/0_e7a6840bd6e9e54811331e097a55e9d0_20141021-pm07-goughchina	9
0_e7a6840bd6e9e54811331e097a55e9d0	cuba america_re-establishing diplomatic relations	84146008f319a77e2af01652f7f291cc	20141002-twt01-IRAQMISSION	audio_manual	audio_manual/0_e7a6840bd6e9e54811331e097a55e9d0_20141002-twt01-IRAQMISSION	10
3_e2785af27cc60248f882022fe3e474a0	protest vote against gold company executive pay	e2785af27cc60248f882022fe3e474a0	20141031-pm05-newcrestvote	audio_manual	audio_manual/3_e2785af27cc60248f882022fe3e474a0_20141031-pm05-newcrestvote	1
3_e2785af27cc60248f882022fe3e474a0	protest vote against gold company executive pay	175a0db11811a6174e948556f6f28755	20150212-twt07-telstraprofit	audio_manual	audio_manual/3_e2785af27cc60248f882022fe3e474a0_20150212-twt07-telstraprofit	2
3_e2785af27cc60248f882022fe3e474a0	protest vote against gold company executive pay	db76235fcc7f2f122b179e02e8ddf3c	am20141107-am-lambieRPL	audio_manual	audio_manual/3_e2785af27cc60248f882022fe3e474a0_am20141107-am-lambieRPL	3
3_e2785af27cc60248f882022fe3e474a0	protest vote against gold company executive pay	1039d3373d4620ff89395aff7b89ad5	20141107-pm4-lambiebreakout	audio_manual	audio_manual/3_e2785af27cc60248f882022fe3e474a0_20141107-pm4-lambiebreakout	4
3_e2785af27cc60248f882022fe3e474a0	protest vote against gold company executive pay	5e90cf809e5c33a796cd430ab1d4436e	20141017-pm10-tvstreaming	audio_manual	audio_manual/3_e2785af27cc60248f882022fe3e474a0_20141017-pm10-tvstreaming	5
3_e2785af27cc60248f882022fe3e474a0	protest vote against gold company executive pay	2095d9273cb8b1a7f63312afb5648df8	20141028-am07-africabribes	audio_manual	audio_manual/3_e2785af27cc60248f882022fe3e474a0_20141028-am07-africabribes	6
3_e2785af27cc60248f882022fe3e474a0	protest vote against gold company executive pay	8489485299f98373826720e4e8f80170	20141107-twt01-lambieagain	audio_manual	audio_manual/3_e2785af27cc60248f882022fe3e474a0_20141107-twt01-lambieagain	7
3_e2785af27cc60248f882022fe3e474a0	protest vote against gold company executive pay	1f6f797f9a4d01c89eb310b789581ebd	20141003-pm07-HKACELIVE	audio_manual	audio_manual/3_e2785af27cc60248f882022fe3e474a0_20141003-pm07-HKACELIVE	8
3_e2785af27cc60248f882022fe3e474a0	protest vote against gold company executive pay	1cfeca466a4626cbe45a9cf43b8c87de	20141128-twt07-googlebreakup	audio_manual	audio_manual/3_e2785af27cc60248f882022fe3e474a0_20141128-twt07-googlebreakup	9
3_e2785af27cc60248f882022fe3e474a0	protest vote against gold company executive pay	e2705b00978d3215490492e3921d36d2	20141015-pm05-techeggs	audio_manual	audio_manual/3_e2785af27cc60248f882022fe3e474a0_20141015-pm05-techeggs	10
3_ee574969e572723d870fa773dc11dad3	trade union royal commission report released Gillard CFMEU	a35d320258f3cecf94fb65c55a439a5d	20141220-am07-cfmeu	audio_manual	audio_manual/3_ee574969e572723d870fa773dc11dad3_20141220-am07-cfmeu	1
3_ee574969e572723d870fa773dc11dad3	trade union royal commission report released Gillard CFMEU	2a3f38cb03ec0dfbcffe210013862258	20141031-pm01-rplcunionstaskforce	audio_manual	audio_manual/3_ee574969e572723d870fa773dc11dad3_20141031-pm01-rplcunionstaskforce	2
3_ee574969e572723d870fa773dc11dad3	trade union royal commission report released Gillard CFMEU	6d0f60c8a5815e0a714931bc4cae84ce	20141219-pm04-commissionfollow	audio_manual	audio_manual/3_ee574969e572723d870fa773dc11dad3_20141219-pm04-commissionfollow	3
3_ee574969e572723d870fa773dc11dad3	trade union royal commission report released Gillard CFMEU	ee574969e572723d870fa773dc11dad3	20141219-twt08-unioncommissionrpl	audio_manual	audio_manual/3_ee574969e572723d870fa773dc11dad3_20141219-twt08-unioncommissionrpl	4
3_ee574969e572723d870fa773dc11dad3	trade union royal commission report released Gillard CFMEU	2fb5e2affb90eae4a57febcfe4e7c892	20141017-pm05-bigjim	audio_manual	audio_manual/3_ee574969e572723d870fa773dc11dad3_20141017-pm05-bigjim	5
3_ee574969e572723d870fa773dc11dad3	trade union royal commission report released Gillard CFMEU	21ea15b1aab631ca3a349609299045d3	20141101-sam02-unionfallout	audio_manual	audio_manual/3_ee574969e572723d870fa773dc11dad3_20141101-sam02-unionfallout	6
3_ee574969e572723d870fa773dc11dad3	trade union royal commission report released Gillard CFMEU	fe66eead0455fc7fb9a63cd3176ace2f	20141007-pm02-commissionextended	audio_manual	audio_manual/3_ee574969e572723d870fa773dc11dad3_20141007-pm02-commissionextended	7
3_ee574969e572723d870fa773dc11dad3	trade union royal commission report released Gillard CFMEU	2329913dac2f8b9b242d50321ed1bbc7	20141219-twt09-actureax	audio_manual	audio_manual/3_ee574969e572723d870fa773dc11dad3_20141219-twt09-actureax	8
3_ee574969e572723d870fa773dc11dad3	trade union royal commission report released Gillard CFMEU	ba34e86a5afc38bf1ab10f7a20c1bce4	20141008-rnam03-brandiscommision	audio_manual	audio_manual/3_ee574969e572723d870fa773dc11dad3_20141008-rnam03-brandiscommision	9
3_ee574969e572723d870fa773dc11dad3	trade union royal commission report released Gillard CFMEU	ceeb21a78a3f2a0bdf1144b395f7c1e3	20141120-pm03-cfmeuboycott	audio_manual	audio_manual/3_ee574969e572723d870fa773dc11dad3_20141120-pm03-cfmeuboycott	10